data,ruta_id,ruta,tarif,tur_vechi,tur_nou,retur_vechi,retur_nou,total_vechi,total_nou,diff
2026-04-01,1,Grimăncăuți - Chișinău (03:00 - 7:10),Criva Direct,3346,3404,2880,2920,6226,6324,98
2026-04-01,2,Briceni - Chișinău (05:45 - 8:20),Criva via Larga,924,932,2634,2647,3558,3579,21
2026-04-01,3,Chișinău (08:00 - 12:40),Otaci/Ocnița,1041,1072,0,0,1041,1072,31
2026-04-01,5,Șirăuți - Chișinău (10:10 - 15:10),Lipcani via Rîșcani,2373,2370,1608,1610,3981,3980,-1
2026-04-01,6,Corjeuți - Chișinău (6:17 - 10:20),Corjeuti/Edinet,3372,3367,1077,1074,4449,4441,-8
2026-04-01,7,Criva - Chișinău (11:00 - 15:35),Criva Direct,2253,2296,3037,3096,5290,5392,102
2026-04-01,8,Criva - Chișinău (12:30 - 17:40),Criva Direct,1282,1342,2387,2397,3669,3739,70
2026-04-01,9,Criva - Chișinău (12:00 - 16:45),Criva Direct,1797,1835,1285,1341,3082,3176,94
2026-04-01,10,Lipcani - Chișinău (14:10 - 19:05),Criva Direct,1796,1818,2014,2125,3810,3943,133
2026-04-01,11,Criva - Chișinău (13:20 - 17:40),Criva Direct,962,986,2514,2581,3476,3567,91
2026-04-01,14,Criva - Chișinău (15:30 - 20:20),Criva Direct,2215,2283,2948,2990,5163,5273,110
2026-04-01,15,Criva - Chișinău (17:30 - 22:25),Criva Direct,1135,1166,2419,2542,3554,3708,154
2026-04-01,16,Lipcani - Chișinău (02:35 - 7:00),Criva Direct,1915,1979,1966,2071,3881,4050,169
2026-04-01,17,Criva (Tețcani) - Chișinău (02:40 - 8:20),Criva via Corjeuți,3096,3209,953,980,4049,4189,140
2026-04-01,18,Lipcani (Viișoara) - Chișinău (04:05 - 8:10),Lipcani via Viișoara,2826,2840,3442,3441,6268,6281,13
2026-04-01,19,Lipcani - Chișinău (06:10 - 10:40),Criva via Larga,2919,3067,3229,3265,6148,6332,184
2026-04-01,20,Criva (Larga) - Chișinău (06:00 - 11:35),Criva via Larga,2878,2976,3464,3559,6342,6535,193
2026-04-01,21,Chișinău (12:35 - 17:40),Otaci/Ocnița,1695,1717,1358,1356,3053,3073,20
2026-04-01,22,Lipcani - Chișinău (06:35 - 10:50),Criva Direct,2070,2232,3695,3796,5765,6028,263
2026-04-01,23,Criva - Chișinău (07:05 - 12:20),Criva Direct,3831,4122,2942,3008,6773,7130,357
2026-04-01,24,Criva (Larga) - Chișinău (07:25 - 12:45),Criva via Larga,1844,1962,3068,3089,4912,5051,139
2026-04-01,25,Caracusenii Vechi - Chișinău (07:00 - 10:45),Corjeuti/Edinet,2042,2091,2935,2959,4977,5050,73
2026-04-01,26,Corjeuți (Briceni) - Chișinău (08:00 - 17:15),Criva via Corjeuți,1107,1210,1807,1811,2914,3021,107
2026-04-01,27,Lipcani - Chișinău (09:15 - 13:45),Criva Direct,3360,3466,1974,2017,5334,5483,149
2026-04-01,28,Criva - Chișinău (09:35 - 15:10),Criva Direct,2431,2529,3352,3465,5783,5994,211
2026-04-01,29,Ocnița - Chișinău (09:50 - 13:50),Otaci/Ocnița,2102,2112,1939,2034,4041,4146,105
2026-04-02,1,Grimăncăuți - Chișinău (03:00 - 7:10),Criva Direct,3461,3517,4461,4565,7922,8082,160
2026-04-02,2,Briceni - Chișinău (05:45 - 8:20),Criva via Larga,782,787,1695,1711,2477,2498,21
2026-04-02,3,Chișinău (08:00 - 12:40),Otaci/Ocnița,1286,1301,2388,2413,3674,3714,40
2026-04-02,5,Șirăuți - Chișinău (10:10 - 15:10),Lipcani via Rîșcani,2613,2616,1694,1694,4307,4310,3
2026-04-02,6,Corjeuți - Chișinău (6:17 - 10:20),Corjeuti/Edinet,2602,2595,2594,2592,5196,5187,-9
2026-04-02,7,Criva - Chișinău (11:00 - 15:35),Criva Direct,2779,2817,2481,2537,5260,5354,94
2026-04-02,8,Criva - Chișinău (12:30 - 17:40),Criva Direct,1243,1287,2227,2240,3470,3527,57
2026-04-02,9,Criva - Chișinău (12:00 - 16:45),Criva Direct,1668,1720,937,1085,2605,2805,200
2026-04-02,10,Lipcani - Chișinău (14:10 - 19:05),Criva Direct,2700,2776,1175,1245,3875,4021,146
2026-04-02,11,Criva - Chișinău (13:20 - 17:40),Criva Direct,1370,1424,2140,2195,3510,3619,109
2026-04-02,12,Lipcani - Chișinău (14:50 - 18:55),Criva Direct,451,460,1248,1343,1699,1803,104
2026-04-02,14,Criva - Chișinău (15:30 - 20:20),Criva Direct,1998,2110,3355,3390,5353,5500,147
2026-04-02,15,Criva - Chișinău (17:30 - 22:25),Criva Direct,1278,1334,3494,3672,4772,5006,234
2026-04-02,16,Lipcani - Chișinău (02:35 - 7:00),Criva Direct,1715,1798,1348,1419,3063,3217,154
2026-04-02,17,Criva (Tețcani) - Chișinău (02:40 - 8:20),Criva via Corjeuți,2599,2668,2347,2468,4946,5136,190
2026-04-02,18,Lipcani (Viișoara) - Chișinău (04:05 - 8:10),Lipcani via Viișoara,3249,3252,3452,3464,6701,6716,15
2026-04-02,19,Lipcani - Chișinău (06:10 - 10:40),Criva via Larga,3376,3610,2557,2564,5933,6174,241
2026-04-02,20,Criva (Larga) - Chișinău (06:00 - 11:35),Criva via Larga,2973,3126,3633,3694,6606,6820,214
2026-04-02,21,Chișinău (12:35 - 17:40),Otaci/Ocnița,2861,2899,930,932,3791,3831,40
2026-04-02,22,Lipcani - Chișinău (06:35 - 10:50),Criva Direct,2924,3122,3920,4021,6844,7143,299
2026-04-02,23,Criva - Chișinău (07:05 - 12:20),Criva Direct,3031,3339,2294,2426,5325,5765,440
2026-04-02,24,Criva (Larga) - Chișinău (07:25 - 12:45),Criva via Larga,2384,2573,1763,1782,4147,4355,208
2026-04-02,25,Caracusenii Vechi - Chișinău (07:00 - 10:45),Corjeuti/Edinet,2407,2458,1867,1879,4274,4337,63
2026-04-02,26,Corjeuți (Briceni) - Chișinău (08:00 - 17:15),Criva via Corjeuți,3368,3633,3075,3134,6443,6767,324
2026-04-02,27,Lipcani - Chișinău (09:15 - 13:45),Criva Direct,1964,2161,2309,2359,4273,4520,247
2026-04-02,28,Criva - Chișinău (09:35 - 15:10),Criva Direct,2363,2460,3259,3390,5622,5850,228
2026-04-02,29,Ocnița - Chișinău (09:50 - 13:50),Otaci/Ocnița,0,0,1095,1126,1095,1126,31
2026-04-03,1,Grimăncăuți - Chișinău (03:00 - 7:10),Criva Direct,2183,2191,4152,4206,6335,6397,62
2026-04-03,2,Briceni - Chișinău (05:45 - 8:20),Criva via Larga,2206,2196,3185,3173,5391,5369,-22
2026-04-03,3,Chișinău (08:00 - 12:40),Otaci/Ocnița,1801,1808,3518,3491,5319,5299,-20
2026-04-03,5,Șirăuți - Chișinău (10:10 - 15:10),Lipcani via Rîșcani,2648,2624,2980,2942,5628,5566,-62
2026-04-03,6,Corjeuți - Chișinău (6:17 - 10:20),Corjeuti/Edinet,2436,2400,3504,3470,5940,5870,-70
2026-04-03,7,Criva - Chișinău (11:00 - 15:35),Criva Direct,3566,3658,3439,3446,7005,7104,99
2026-04-03,8,Criva - Chișinău (12:30 - 17:40),Criva Direct,1457,1511,2764,2761,4221,4272,51
2026-04-03,9,Criva - Chișinău (12:00 - 16:45),Criva Direct,3576,3647,3680,3778,7256,7425,169
2026-04-03,10,Lipcani - Chișinău (14:10 - 19:05),Criva Direct,2466,2488,2941,3071,5407,5559,152
2026-04-03,11,Criva - Chișinău (13:20 - 17:40),Criva Direct,1816,1856,1932,1957,3748,3813,65
2026-04-03,12,Lipcani - Chișinău (14:50 - 18:55),Criva Direct,2483,2493,1215,1223,3698,3716,18
2026-04-03,14,Criva - Chișinău (15:30 - 20:20),Criva Direct,1080,1146,3637,3751,4717,4897,180
2026-04-03,15,Criva - Chișinău (17:30 - 22:25),Criva Direct,1831,1903,3030,3136,4861,5039,178
2026-04-03,16,Lipcani - Chișinău (02:35 - 7:00),Criva Direct,3112,3205,1847,1829,4959,5034,75
2026-04-03,17,Criva (Tețcani) - Chișinău (02:40 - 8:20),Criva via Corjeuți,2243,2282,4039,4126,6282,6408,126
2026-04-03,18,Lipcani (Viișoara) - Chișinău (04:05 - 8:10),Lipcani via Viișoara,3723,3697,4448,4404,8171,8101,-70
2026-04-03,19,Lipcani - Chișinău (06:10 - 10:40),Criva via Larga,4349,4525,4392,4385,8741,8910,169
2026-04-03,20,Criva (Larga) - Chișinău (06:00 - 11:35),Criva via Larga,3683,3793,5139,5361,8822,9154,332
2026-04-03,21,Chișinău (12:35 - 17:40),Otaci/Ocnița,2681,2662,2786,2751,5467,5413,-54
2026-04-03,22,Lipcani - Chișinău (06:35 - 10:50),Criva Direct,4452,4681,4322,4416,8774,9097,323
2026-04-03,23,Criva - Chișinău (07:05 - 12:20),Criva Direct,0,0,0,0,0,0,0
2026-04-03,24,Criva (Larga) - Chișinău (07:25 - 12:45),Criva via Larga,2253,2460,3915,3923,6168,6383,215
2026-04-03,25,Caracusenii Vechi - Chișinău (07:00 - 10:45),Corjeuti/Edinet,2160,2160,3892,3866,6052,6026,-26
2026-04-03,26,Corjeuți (Briceni) - Chișinău (08:00 - 17:15),Criva via Corjeuți,1889,1974,4148,4150,6037,6124,87
2026-04-03,27,Lipcani - Chișinău (09:15 - 13:45),Criva Direct,3005,3089,3522,3523,6527,6612,85
2026-04-03,28,Criva - Chișinău (09:35 - 15:10),Criva Direct,3102,3189,4376,4448,7478,7637,159
2026-04-03,29,Ocnița - Chișinău (09:50 - 13:50),Otaci/Ocnița,2973,2985,3638,3660,6611,6645,34
2026-04-04,1,Grimăncăuți - Chișinău (03:00 - 7:10),Criva Direct,986,998,3270,3297,4256,4295,39
2026-04-04,2,Briceni - Chișinău (05:45 - 8:20),Criva via Larga,2036,2052,4112,4136,6148,6188,40
2026-04-04,3,Chișinău (08:00 - 12:40),Otaci/Ocnița,2903,2931,1689,1697,4592,4628,36
2026-04-04,5,Șirăuți - Chișinău (10:10 - 15:10),Lipcani via Rîșcani,2033,2031,3102,3090,5135,5121,-14
2026-04-04,6,Corjeuți - Chișinău (6:17 - 10:20),Corjeuti/Edinet,2091,2068,2786,2760,4877,4828,-49
2026-04-04,7,Criva - Chișinău (11:00 - 15:35),Criva Direct,2419,2443,1205,1210,3624,3653,29
2026-04-04,8,Criva - Chișinău (12:30 - 17:40),Criva Direct,1379,1430,3112,3139,4491,4569,78
2026-04-04,9,Criva - Chișinău (12:00 - 16:45),Criva Direct,0,0,1979,2011,1979,2011,32
2026-04-04,10,Lipcani - Chișinău (14:10 - 19:05),Criva Direct,1948,1973,2578,2632,4526,4605,79
2026-04-04,11,Criva - Chișinău (13:20 - 17:40),Criva Direct,1581,1599,3029,3096,4610,4695,85
2026-04-04,12,Lipcani - Chișinău (14:50 - 18:55),Criva Direct,616,641,2672,2739,3288,3380,92
2026-04-04,14,Criva - Chișinău (15:30 - 20:20),Criva Direct,0,0,0,0,0,0,0
2026-04-04,15,Criva - Chișinău (17:30 - 22:25),Criva Direct,860,879,2733,2874,3593,3753,160
2026-04-04,16,Lipcani - Chișinău (02:35 - 7:00),Criva Direct,0,0,0,0,0,0,0
2026-04-04,17,Criva (Tețcani) - Chișinău (02:40 - 8:20),Criva via Corjeuți,2531,2557,2814,2865,5345,5422,77
2026-04-04,18,Lipcani (Viișoara) - Chișinău (04:05 - 8:10),Lipcani via Viișoara,2397,2403,3298,3300,5695,5703,8
2026-04-04,19,Lipcani - Chișinău (06:10 - 10:40),Criva via Larga,2757,2864,3747,3713,6504,6577,73
2026-04-04,20,Criva (Larga) - Chișinău (06:00 - 11:35),Criva via Larga,3020,3108,4050,4184,7070,7292,222
2026-04-04,21,Chișinău (12:35 - 17:40),Otaci/Ocnița,1488,1474,1144,1137,2632,2611,-21
2026-04-04,22,Lipcani - Chișinău (06:35 - 10:50),Criva Direct,2994,3165,4554,4732,7548,7897,349
2026-04-04,23,Criva - Chișinău (07:05 - 12:20),Criva Direct,2914,3112,3272,3342,6186,6454,268
2026-04-04,24,Criva (Larga) - Chișinău (07:25 - 12:45),Criva via Larga,2392,2493,2680,2675,5072,5168,96
2026-04-04,25,Caracusenii Vechi - Chișinău (07:00 - 10:45),Corjeuti/Edinet,2078,2107,1895,1919,3973,4026,53
2026-04-04,26,Corjeuți (Briceni) - Chișinău (08:00 - 17:15),Criva via Corjeuți,3759,3800,2615,2654,6374,6454,80
2026-04-04,27,Lipcani - Chișinău (09:15 - 13:45),Criva Direct,2339,2410,2336,2400,4675,4810,135
2026-04-04,28,Criva - Chișinău (09:35 - 15:10),Criva Direct,0,0,2142,2211,2142,2211,69
2026-04-04,29,Ocnița - Chișinău (09:50 - 13:50),Otaci/Ocnița,2408,2478,3605,3563,6013,6041,28
2026-04-05,1,Grimăncăuți - Chișinău (03:00 - 7:10),Criva Direct,1399,1419,2615,2671,4014,4090,76
2026-04-05,2,Briceni - Chișinău (05:45 - 8:20),Criva via Larga,1001,1010,1892,1915,2893,2925,32
2026-04-05,3,Chișinău (08:00 - 12:40),Otaci/Ocnița,2188,2203,1269,1280,3457,3483,26
2026-04-05,5,Șirăuți - Chișinău (10:10 - 15:10),Lipcani via Rîșcani,4599,4559,2536,2504,7135,7063,-72
2026-04-05,6,Corjeuți - Chișinău (6:17 - 10:20),Corjeuti/Edinet,3023,3011,2947,2950,5970,5961,-9
2026-04-05,7,Criva - Chișinău (11:00 - 15:35),Criva Direct,4464,4423,1153,1179,5617,5602,-15
2026-04-05,8,Criva - Chișinău (12:30 - 17:40),Criva Direct,4628,4761,1181,1189,5809,5950,141
2026-04-05,9,Criva - Chișinău (12:00 - 16:45),Criva Direct,3784,3832,1648,1641,5432,5473,41
2026-04-05,10,Lipcani - Chișinău (14:10 - 19:05),Criva Direct,0,0,2212,2224,2212,2224,12
2026-04-05,11,Criva - Chișinău (13:20 - 17:40),Criva Direct,3255,3291,1304,1377,4559,4668,109
2026-04-05,12,Lipcani - Chișinău (14:50 - 18:55),Criva Direct,4018,4092,1733,1748,5751,5840,89
2026-04-05,14,Criva - Chișinău (15:30 - 20:20),Criva Direct,4137,4234,3326,3433,7463,7667,204
2026-04-05,15,Criva - Chișinău (17:30 - 22:25),Criva Direct,4464,4577,2490,2579,6954,7156,202
2026-04-05,16,Lipcani - Chișinău (02:35 - 7:00),Criva Direct,486,504,3074,3178,3560,3682,122
2026-04-05,17,Criva (Tețcani) - Chișinău (02:40 - 8:20),Criva via Corjeuți,0,0,0,0,0,0,0
2026-04-05,18,Lipcani (Viișoara) - Chișinău (04:05 - 8:10),Lipcani via Viișoara,3051,3056,2510,2523,5561,5579,18
2026-04-05,19,Lipcani - Chișinău (06:10 - 10:40),Criva via Larga,2869,3127,3511,3540,6380,6667,287
2026-04-05,20,Criva (Larga) - Chișinău (06:00 - 11:35),Criva via Larga,2913,3024,3586,3698,6499,6722,223
2026-04-05,21,Chișinău (12:35 - 17:40),Otaci/Ocnița,4370,4334,838,814,5208,5148,-60
2026-04-05,22,Lipcani - Chișinău (06:35 - 10:50),Criva Direct,2258,2377,3137,3180,5395,5557,162
2026-04-05,23,Criva - Chișinău (07:05 - 12:20),Criva Direct,3615,3965,2451,2513,6066,6478,412
2026-04-05,24,Criva (Larga) - Chișinău (07:25 - 12:45),Criva via Larga,3495,3714,2390,2397,5885,6111,226
2026-04-05,25,Caracusenii Vechi - Chișinău (07:00 - 10:45),Corjeuti/Edinet,3467,3563,1217,1229,4684,4792,108
2026-04-05,26,Corjeuți (Briceni) - Chișinău (08:00 - 17:15),Criva via Corjeuți,3764,3874,1496,1496,5260,5370,110
2026-04-05,27,Lipcani - Chișinău (09:15 - 13:45),Criva Direct,3750,3724,1709,1799,5459,5523,64
2026-04-05,28,Criva - Chișinău (09:35 - 15:10),Criva Direct,2414,2475,3385,3477,5799,5952,153
2026-04-05,29,Ocnița - Chișinău (09:50 - 13:50),Otaci/Ocnița,4288,4164,2135,2158,6423,6322,-101
2026-04-06,1,Grimăncăuți - Chișinău (03:00 - 7:10),Criva Direct,3913,3971,4727,4817,8640,8788,148
2026-04-06,2,Briceni - Chișinău (05:45 - 8:20),Criva via Larga,3227,3240,3840,3879,7067,7119,52
2026-04-06,3,Chișinău (08:00 - 12:40),Otaci/Ocnița,3046,3049,924,941,3970,3990,20
2026-04-06,5,Șirăuți - Chișinău (10:10 - 15:10),Lipcani via Rîșcani,2857,2835,2296,2282,5153,5117,-36
2026-04-06,6,Corjeuți - Chișinău (6:17 - 10:20),Corjeuti/Edinet,3916,3883,2341,2327,6257,6210,-47
2026-04-06,7,Criva - Chișinău (11:00 - 15:35),Criva Direct,3975,4061,1500,1518,5475,5579,104
2026-04-06,8,Criva - Chișinău (12:30 - 17:40),Criva Direct,1075,1115,1773,1814,2848,2929,81
2026-04-06,9,Criva - Chișinău (12:00 - 16:45),Criva Direct,2424,2412,1104,1106,3528,3518,-10
2026-04-06,10,Lipcani - Chișinău (14:10 - 19:05),Criva Direct,0,0,3685,3776,3685,3776,91
2026-04-06,11,Criva - Chișinău (13:20 - 17:40),Criva Direct,944,928,1974,1983,2918,2911,-7
2026-04-06,12,Lipcani - Chișinău (14:50 - 18:55),Criva Direct,2219,2249,2665,2679,4884,4928,44
2026-04-06,14,Criva - Chișinău (15:30 - 20:20),Criva Direct,1381,1430,3874,3899,5255,5329,74
2026-04-06,15,Criva - Chișinău (17:30 - 22:25),Criva Direct,1520,1563,2302,2383,3822,3946,124
2026-04-06,16,Lipcani - Chișinău (02:35 - 7:00),Criva Direct,3082,3147,3041,3037,6123,6184,61
2026-04-06,17,Criva (Tețcani) - Chișinău (02:40 - 8:20),Criva via Corjeuți,3916,4060,1987,2042,5903,6102,199
2026-04-06,18,Lipcani (Viișoara) - Chișinău (04:05 - 8:10),Lipcani via Viișoara,3441,3430,2250,2228,5691,5658,-33
2026-04-06,19,Lipcani - Chișinău (06:10 - 10:40),Criva via Larga,4430,4508,2128,2110,6558,6618,60
2026-04-06,20,Criva (Larga) - Chișinău (06:00 - 11:35),Criva via Larga,4943,5027,4137,4249,9080,9276,196
2026-04-06,21,Chișinău (12:35 - 17:40),Otaci/Ocnița,2408,2389,1764,1729,4172,4118,-54
2026-04-06,22,Lipcani - Chișinău (06:35 - 10:50),Criva Direct,3295,3441,4186,4338,7481,7779,298
2026-04-06,23,Criva - Chișinău (07:05 - 12:20),Criva Direct,2973,3158,1696,1718,4669,4876,207
2026-04-06,24,Criva (Larga) - Chișinău (07:25 - 12:45),Criva via Larga,3500,3581,2393,2419,5893,6000,107
2026-04-06,25,Caracusenii Vechi - Chișinău (07:00 - 10:45),Corjeuti/Edinet,3521,3531,1614,1585,5135,5116,-19
2026-04-06,26,Corjeuți (Briceni) - Chișinău (08:00 - 17:15),Criva via Corjeuți,2593,2674,2167,2156,4760,4830,70
2026-04-06,27,Lipcani - Chișinău (09:15 - 13:45),Criva Direct,3073,3136,2227,2217,5300,5353,53
2026-04-06,28,Criva - Chișinău (09:35 - 15:10),Criva Direct,2680,2671,1163,1139,3843,3810,-33
2026-04-06,29,Ocnița - Chișinău (09:50 - 13:50),Otaci/Ocnița,3060,3066,1151,1199,4211,4265,54
2026-04-07,1,Grimăncăuți - Chișinău (03:00 - 7:10),Criva Direct,2435,2476,4399,4472,6834,6948,114
2026-04-07,2,Briceni - Chișinău (05:45 - 8:20),Criva via Larga,2796,2816,3423,3458,6219,6274,55
2026-04-07,3,Chișinău (08:00 - 12:40),Otaci/Ocnița,2549,2549,2114,2135,4663,4684,21
2026-04-07,5,Șirăuți - Chișinău (10:10 - 15:10),Lipcani via Rîșcani,2700,2653,1852,1838,4552,4491,-61
2026-04-07,6,Corjeuți - Chișinău (6:17 - 10:20),Corjeuti/Edinet,2353,2229,2862,2845,5215,5074,-141
2026-04-07,7,Criva - Chișinău (11:00 - 15:35),Criva Direct,3949,4002,4246,4338,8195,8340,145
2026-04-07,8,Criva - Chișinău (12:30 - 17:40),Criva Direct,1563,1593,2414,2423,3977,4016,39
2026-04-07,9,Criva - Chișinău (12:00 - 16:45),Criva Direct,2344,2346,2764,2873,5108,5219,111
2026-04-07,10,Lipcani - Chișinău (14:10 - 19:05),Criva Direct,1572,1564,2095,2171,3667,3735,68
2026-04-07,11,Criva - Chișinău (13:20 - 17:40),Criva Direct,2201,2231,2386,2492,4587,4723,136
2026-04-07,12,Lipcani - Chișinău (14:50 - 18:55),Criva Direct,1455,1466,1761,1820,3216,3286,70
2026-04-07,14,Criva - Chișinău (15:30 - 20:20),Criva Direct,1079,1122,3609,3656,4688,4778,90
2026-04-07,15,Criva - Chișinău (17:30 - 22:25),Criva Direct,1849,1895,2091,2171,3940,4066,126
2026-04-07,16,Lipcani - Chișinău (02:35 - 7:00),Criva Direct,2204,2308,1209,1179,3413,3487,74
2026-04-07,17,Criva (Tețcani) - Chișinău (02:40 - 8:20),Criva via Corjeuți,3181,3273,2311,2325,5492,5598,106
2026-04-07,18,Lipcani (Viișoara) - Chișinău (04:05 - 8:10),Lipcani via Viișoara,1378,1360,0,0,1378,1360,-18
2026-04-07,19,Lipcani - Chișinău (06:10 - 10:40),Criva via Larga,4078,4138,4106,4033,8184,8171,-13
2026-04-07,20,Criva (Larga) - Chișinău (06:00 - 11:35),Criva via Larga,3630,3720,3753,3818,7383,7538,155
2026-04-07,21,Chișinău (12:35 - 17:40),Otaci/Ocnița,2655,2650,1607,1566,4262,4216,-46
2026-04-07,22,Lipcani - Chișinău (06:35 - 10:50),Criva Direct,2700,2854,3540,3618,6240,6472,232
2026-04-07,23,Criva - Chișinău (07:05 - 12:20),Criva Direct,2733,2828,2786,2793,5519,5621,102
2026-04-07,24,Criva (Larga) - Chișinău (07:25 - 12:45),Criva via Larga,3520,3579,2561,2567,6081,6146,65
2026-04-07,25,Caracusenii Vechi - Chișinău (07:00 - 10:45),Corjeuti/Edinet,1650,1654,3518,3593,5168,5247,79
2026-04-07,26,Corjeuți (Briceni) - Chișinău (08:00 - 17:15),Criva via Corjeuți,2748,2873,3036,3062,5784,5935,151
2026-04-07,27,Lipcani - Chișinău (09:15 - 13:45),Criva Direct,3037,3136,3956,3985,6993,7121,128
2026-04-07,28,Criva - Chișinău (09:35 - 15:10),Criva Direct,2418,2439,2110,2150,4528,4589,61
2026-04-07,29,Ocnița - Chișinău (09:50 - 13:50),Otaci/Ocnița,1735,1633,1515,1567,3250,3200,-50
2026-04-08,1,Grimăncăuți - Chișinău (03:00 - 7:10),Criva Direct,2704,2739,4257,4334,6961,7073,112
2026-04-08,2,Briceni - Chișinău (05:45 - 8:20),Criva via Larga,2778,2800,3206,3227,5984,6027,43
2026-04-08,3,Chișinău (08:00 - 12:40),Otaci/Ocnița,1291,1262,1379,1377,2670,2639,-31
2026-04-08,5,Șirăuți - Chișinău (10:10 - 15:10),Lipcani via Rîșcani,2709,2675,1313,1257,4022,3932,-90
2026-04-08,6,Corjeuți - Chișinău (6:17 - 10:20),Corjeuti/Edinet,2040,1969,3400,3350,5440,5319,-121
2026-04-08,7,Criva - Chișinău (11:00 - 15:35),Criva Direct,3857,3924,2029,2064,5886,5988,102
2026-04-08,8,Criva - Chișinău (12:30 - 17:40),Criva Direct,2454,2510,2812,2852,5266,5362,96
2026-04-08,9,Criva - Chișinău (12:00 - 16:45),Criva Direct,1300,1304,1513,1521,2813,2825,12
2026-04-08,10,Lipcani - Chișinău (14:10 - 19:05),Criva Direct,1145,1172,2692,2775,3837,3947,110
2026-04-08,11,Criva - Chișinău (13:20 - 17:40),Criva Direct,1789,1848,2109,2164,3898,4012,114
2026-04-08,14,Criva - Chișinău (15:30 - 20:20),Criva Direct,2745,2823,4554,4594,7299,7417,118
2026-04-08,15,Criva - Chișinău (17:30 - 22:25),Criva Direct,2397,2511,2411,2533,4808,5044,236
2026-04-08,16,Lipcani - Chișinău (02:35 - 7:00),Criva Direct,1590,1665,2017,2074,3607,3739,132
2026-04-08,17,Criva (Tețcani) - Chișinău (02:40 - 8:20),Criva via Corjeuți,3116,3227,3931,4066,7047,7293,246
2026-04-08,18,Lipcani (Viișoara) - Chișinău (04:05 - 8:10),Lipcani via Viișoara,1624,1618,3486,3468,5110,5086,-24
2026-04-08,19,Lipcani - Chișinău (06:10 - 10:40),Criva via Larga,2915,3005,4198,4199,7113,7204,91
2026-04-08,20,Criva (Larga) - Chișinău (06:00 - 11:35),Criva via Larga,3420,3529,3269,3317,6689,6846,157
2026-04-08,21,Chișinău (12:35 - 17:40),Otaci/Ocnița,1072,1065,919,916,1991,1981,-10
2026-04-08,22,Lipcani - Chișinău (06:35 - 10:50),Criva Direct,1907,1978,4124,4168,6031,6146,115
2026-04-08,23,Criva - Chișinău (07:05 - 12:20),Criva Direct,2300,2374,1949,1960,4249,4334,85
2026-04-08,24,Criva (Larga) - Chișinău (07:25 - 12:45),Criva via Larga,1679,1677,3169,3166,4848,4843,-5
2026-04-08,25,Caracusenii Vechi - Chișinău (07:00 - 10:45),Corjeuti/Edinet,1726,1679,1511,1515,3237,3194,-43
2026-04-08,26,Corjeuți (Briceni) - Chișinău (08:00 - 17:15),Criva via Corjeuți,3170,3319,2852,2882,6022,6201,179
2026-04-08,27,Lipcani - Chișinău (09:15 - 13:45),Criva Direct,3325,3407,2461,2505,5786,5912,126
2026-04-08,28,Criva - Chișinău (09:35 - 15:10),Criva Direct,2344,2355,2917,2982,5261,5337,76
2026-04-08,29,Ocnița - Chișinău (09:50 - 13:50),Otaci/Ocnița,1815,1758,1687,1722,3502,3480,-22
2026-04-09,1,Grimăncăuți - Chișinău (03:00 - 7:10),Criva Direct,1845,1930,4513,4764,6358,6694,336
2026-04-09,2,Briceni - Chișinău (05:45 - 8:20),Criva via Larga,1514,1573,3538,3680,5052,5253,201
2026-04-09,3,Chișinău (08:00 - 12:40),Otaci/Ocnița,1320,1376,3256,3382,4576,4758,182
2026-04-09,5,Șirăuți - Chișinău (10:10 - 15:10),Lipcani via Rîșcani,1731,1790,3531,3641,5262,5431,169
2026-04-09,6,Corjeuți - Chișinău (6:17 - 10:20),Corjeuti/Edinet,1670,1711,3253,3365,4923,5076,153
2026-04-09,7,Criva - Chișinău (11:00 - 15:35),Criva Direct,2562,2807,4513,4799,7075,7606,531
2026-04-09,8,Criva - Chișinău (12:30 - 17:40),Criva Direct,0,0,3560,3772,3560,3772,212
2026-04-09,9,Criva - Chișinău (12:00 - 16:45),Criva Direct,2144,2261,3468,3669,5612,5930,318
2026-04-09,10,Lipcani - Chișinău (14:10 - 19:05),Criva Direct,2078,2160,2922,3104,5000,5264,264
2026-04-09,11,Criva - Chișinău (13:20 - 17:40),Criva Direct,1271,1335,1928,2059,3199,3394,195
2026-04-09,12,Lipcani - Chișinău (14:50 - 18:55),Criva Direct,1125,1197,2112,2190,3237,3387,150
2026-04-09,14,Criva - Chișinău (15:30 - 20:20),Criva Direct,2232,2369,4183,4482,6415,6851,436
2026-04-09,15,Criva - Chișinău (17:30 - 22:25),Criva Direct,1546,1652,2978,3287,4524,4939,415
2026-04-09,16,Lipcani - Chișinău (02:35 - 7:00),Criva Direct,1509,1653,1770,1890,3279,3543,264
2026-04-09,17,Criva (Tețcani) - Chișinău (02:40 - 8:20),Criva via Corjeuți,2163,2291,4783,5140,6946,7431,485
2026-04-09,18,Lipcani (Viișoara) - Chișinău (04:05 - 8:10),Lipcani via Viișoara,1775,1846,4550,4719,6325,6565,240
2026-04-09,19,Lipcani - Chișinău (06:10 - 10:40),Criva via Larga,2727,3060,4172,4341,6899,7401,502
2026-04-09,20,Criva (Larga) - Chișinău (06:00 - 11:35),Criva via Larga,3066,3258,4842,5295,7908,8553,645
2026-04-09,21,Chișinău (12:35 - 17:40),Otaci/Ocnița,1472,1534,3315,3415,4787,4949,162
2026-04-09,22,Lipcani - Chișinău (06:35 - 10:50),Criva Direct,3494,3782,3824,4060,7318,7842,524
2026-04-09,23,Criva - Chișinău (07:05 - 12:20),Criva Direct,3399,3711,3905,4120,7304,7831,527
2026-04-09,24,Criva (Larga) - Chișinău (07:25 - 12:45),Criva via Larga,2510,2762,3380,3510,5890,6272,382
2026-04-09,25,Caracusenii Vechi - Chișinău (07:00 - 10:45),Corjeuti/Edinet,1580,1686,3267,3411,4847,5097,250
2026-04-09,26,Corjeuți (Briceni) - Chișinău (08:00 - 17:15),Criva via Corjeuți,2300,2612,4117,4327,6417,6939,522
2026-04-09,27,Lipcani - Chișinău (09:15 - 13:45),Criva Direct,1770,1934,3606,3795,5376,5729,353
2026-04-09,28,Criva - Chișinău (09:35 - 15:10),Criva Direct,1746,1863,4105,4441,5851,6304,453
2026-04-09,29,Ocnița - Chișinău (09:50 - 13:50),Otaci/Ocnița,1712,1746,3764,3940,5476,5686,210
2026-04-10,1,Grimăncăuți - Chișinău (03:00 - 7:10),Criva Direct,1828,1864,5862,6057,7690,7921,231
2026-04-10,2,Briceni - Chișinău (05:45 - 8:20),Criva via Larga,1133,1129,4777,4808,5910,5937,27
2026-04-10,3,Chișinău (08:00 - 12:40),Otaci/Ocnița,1607,1635,3928,3947,5535,5582,47
2026-04-10,5,Șirăuți - Chișinău (10:10 - 15:10),Lipcani via Rîșcani,2905,2833,4243,4184,7148,7017,-131
2026-04-10,6,Corjeuți - Chișinău (6:17 - 10:20),Corjeuti/Edinet,2251,2236,4833,4824,7084,7060,-24
2026-04-10,7,Criva - Chișinău (11:00 - 15:35),Criva Direct,3955,4005,4793,4969,8748,8974,226
2026-04-10,8,Criva - Chișinău (12:30 - 17:40),Criva Direct,2997,3043,4391,4530,7388,7573,185
2026-04-10,9,Criva - Chișinău (12:00 - 16:45),Criva Direct,3393,3442,3816,3926,7209,7368,159
2026-04-10,10,Lipcani - Chișinău (14:10 - 19:05),Criva Direct,2532,2572,6108,6361,8640,8933,293
2026-04-10,11,Criva - Chișinău (13:20 - 17:40),Criva Direct,1672,1670,4614,4750,6286,6420,134
2026-04-10,12,Lipcani - Chișinău (14:50 - 18:55),Criva Direct,978,993,2424,2436,3402,3429,27
2026-04-10,13,Lipcani (Rîșcani) - Chișinău (15:00 - 19:55),Lipcani via Rîșcani,58,54,5152,5274,5210,5328,118
2026-04-10,14,Criva - Chișinău (15:30 - 20:20),Criva Direct,1286,1309,5044,5206,6330,6515,185
2026-04-10,15,Criva - Chișinău (17:30 - 22:25),Criva Direct,3893,3955,4299,4430,8192,8385,193
2026-04-10,16,Lipcani - Chișinău (02:35 - 7:00),Criva Direct,1987,2091,3745,3790,5732,5881,149
2026-04-10,17,Criva (Tețcani) - Chișinău (02:40 - 8:20),Criva via Corjeuți,3133,3238,4974,5104,8107,8342,235
2026-04-10,18,Lipcani (Viișoara) - Chișinău (04:05 - 8:10),Lipcani via Viișoara,3817,3807,5770,5743,9587,9550,-37
2026-04-10,19,Lipcani - Chișinău (06:10 - 10:40),Criva via Larga,2843,2958,5470,5522,8313,8480,167
2026-04-10,20,Criva (Larga) - Chișinău (06:00 - 11:35),Criva via Larga,2709,2807,5873,6099,8582,8906,324
2026-04-10,21,Chișinău (12:35 - 17:40),Otaci/Ocnița,2334,2327,4085,4125,6419,6452,33
2026-04-10,22,Lipcani - Chișinău (06:35 - 10:50),Criva Direct,1909,1981,5176,5357,7085,7338,253
2026-04-10,23,Criva - Chișinău (07:05 - 12:20),Criva Direct,3488,3548,5114,5244,8602,8792,190
2026-04-10,24,Criva (Larga) - Chișinău (07:25 - 12:45),Criva via Larga,2611,2724,4126,4181,6737,6905,168
2026-04-10,25,Caracusenii Vechi - Chișinău (07:00 - 10:45),Corjeuti/Edinet,1422,1449,4777,4870,6199,6319,120
2026-04-10,26,Corjeuți (Briceni) - Chișinău (08:00 - 17:15),Criva via Corjeuți,3621,3729,4744,4796,8365,8525,160
2026-04-10,27,Lipcani - Chișinău (09:15 - 13:45),Criva Direct,2566,2541,5145,5275,7711,7816,105
2026-04-10,28,Criva - Chișinău (09:35 - 15:10),Criva Direct,2457,2543,5493,5706,7950,8249,299
2026-04-10,29,Ocnița - Chișinău (09:50 - 13:50),Otaci/Ocnița,2474,2465,4896,4983,7370,7448,78
2026-04-11,1,Grimăncăuți - Chișinău (03:00 - 7:10),Criva Direct,129,130,4464,4503,4593,4633,40
2026-04-11,2,Briceni - Chișinău (05:45 - 8:20),Criva via Larga,1959,1976,4323,4350,6282,6326,44
2026-04-11,3,Chișinău (08:00 - 12:40),Otaci/Ocnița,2258,2247,3333,3346,5591,5593,2
2026-04-11,5,Șirăuți - Chișinău (10:10 - 15:10),Lipcani via Rîșcani,2863,2839,2366,2347,5229,5186,-43
2026-04-11,6,Corjeuți - Chișinău (6:17 - 10:20),Corjeuti/Edinet,1694,1679,4173,4169,5867,5848,-19
2026-04-11,7,Criva - Chișinău (11:00 - 15:35),Criva Direct,3220,3269,4023,4173,7243,7442,199
2026-04-11,8,Criva - Chișinău (12:30 - 17:40),Criva Direct,1315,1315,3625,3720,4940,5035,95
2026-04-11,9,Criva - Chișinău (12:00 - 16:45),Criva Direct,1445,1465,3084,3126,4529,4591,62
2026-04-11,10,Lipcani - Chișinău (14:10 - 19:05),Criva Direct,1550,1585,6083,6308,7633,7893,260
2026-04-11,11,Criva - Chișinău (13:20 - 17:40),Criva Direct,2768,2799,4422,4500,7190,7299,109
2026-04-11,12,Lipcani - Chișinău (14:50 - 18:55),Criva Direct,0,0,4719,4911,4719,4911,192
2026-04-11,14,Criva - Chișinău (15:30 - 20:20),Criva Direct,1066,1094,5078,5336,6144,6430,286
2026-04-11,15,Criva - Chișinău (17:30 - 22:25),Criva Direct,3508,3548,4701,4847,8209,8395,186
2026-04-11,16,Lipcani - Chișinău (02:35 - 7:00),Criva Direct,1956,2039,4041,4084,5997,6123,126
2026-04-11,17,Criva (Tețcani) - Chișinău (02:40 - 8:20),Criva via Corjeuți,929,941,4675,4716,5604,5657,53
2026-04-11,18,Lipcani (Viișoara) - Chișinău (04:05 - 8:10),Lipcani via Viișoara,1818,1815,4521,4521,6339,6336,-3
2026-04-11,19,Lipcani - Chișinău (06:10 - 10:40),Criva via Larga,2681,2798,4529,4554,7210,7352,142
2026-04-11,20,Criva (Larga) - Chișinău (06:00 - 11:35),Criva via Larga,1619,1617,5765,6002,7384,7619,235
2026-04-11,21,Chișinău (12:35 - 17:40),Otaci/Ocnița,3276,3296,2021,1998,5297,5294,-3
2026-04-11,22,Lipcani - Chișinău (06:35 - 10:50),Criva Direct,3024,3089,4681,4757,7705,7846,141
2026-04-11,23,Criva - Chișinău (07:05 - 12:20),Criva Direct,4254,4408,4422,4498,8676,8906,230
2026-04-11,24,Criva (Larga) - Chișinău (07:25 - 12:45),Criva via Larga,3156,3267,3694,3701,6850,6968,118
2026-04-11,25,Caracusenii Vechi - Chișinău (07:00 - 10:45),Corjeuti/Edinet,3226,3187,3352,3370,6578,6557,-21
2026-04-11,26,Corjeuți (Briceni) - Chișinău (08:00 - 17:15),Criva via Corjeuți,2113,2212,2886,2900,4999,5112,113
2026-04-11,27,Lipcani - Chișinău (09:15 - 13:45),Criva Direct,3345,3448,3730,3768,7075,7216,141
2026-04-11,28,Criva - Chișinău (09:35 - 15:10),Criva Direct,3396,3473,3773,3855,7169,7328,159
2026-04-11,29,Ocnița - Chișinău (09:50 - 13:50),Otaci/Ocnița,3068,2998,3105,3130,6173,6128,-45
2026-04-12,5,Șirăuți - Chișinău (10:10 - 15:10),Lipcani via Rîșcani,1892,1847,1955,1944,3847,3791,-56
2026-04-12,13,Lipcani (Rîșcani) - Chișinău (15:00 - 19:55),Lipcani via Rîșcani,0,0,0,0,0,0,0
2026-04-12,14,Criva - Chișinău (15:30 - 20:20),Criva Direct,4654,4716,5299,5353,9953,10069,116
2026-04-12,16,Lipcani - Chișinău (02:35 - 7:00),Criva Direct,0,0,4319,4373,4319,4373,54
2026-04-12,19,Lipcani - Chișinău (06:10 - 10:40),Criva via Larga,1383,1383,3840,3856,5223,5239,16
2026-04-12,20,Criva (Larga) - Chișinău (06:00 - 11:35),Criva via Larga,420,396,4920,4993,5340,5389,49
2026-04-12,21,Chișinău (12:35 - 17:40),Otaci/Ocnița,2666,2650,892,887,3558,3537,-21
2026-04-12,23,Criva - Chișinău (07:05 - 12:20),Criva Direct,2301,2338,4529,4638,6830,6976,146
2026-04-12,24,Criva (Larga) - Chișinău (07:25 - 12:45),Criva via Larga,1856,1885,3349,3373,5205,5258,53
2026-04-12,26,Corjeuți (Briceni) - Chișinău (08:00 - 17:15),Criva via Corjeuți,0,0,0,0,0,0,0
2026-04-12,28,Criva - Chișinău (09:35 - 15:10),Criva Direct,1062,1062,3914,3942,4976,5004,28
2026-04-12,29,Ocnița - Chișinău (09:50 - 13:50),Otaci/Ocnița,2721,2719,2622,2640,5343,5359,16
2026-04-13,1,Grimăncăuți - Chișinău (03:00 - 7:10),Criva Direct,1131,1119,3013,3064,4144,4183,39
2026-04-13,2,Briceni - Chișinău (05:45 - 8:20),Criva via Larga,2816,2833,3548,3531,6364,6364,0
2026-04-13,3,Chișinău (08:00 - 12:40),Otaci/Ocnița,2794,2824,1798,1796,4592,4620,28
2026-04-13,5,Șirăuți - Chișinău (10:10 - 15:10),Lipcani via Rîșcani,4507,4483,1607,1577,6114,6060,-54
2026-04-13,6,Corjeuți - Chișinău (6:17 - 10:20),Corjeuti/Edinet,2856,2861,2616,2622,5472,5483,11
2026-04-13,7,Criva - Chișinău (11:00 - 15:35),Criva Direct,5209,5449,1091,1131,6300,6580,280
2026-04-13,8,Criva - Chișinău (12:30 - 17:40),Criva Direct,4538,4631,1157,1150,5695,5781,86
2026-04-13,9,Criva - Chișinău (12:00 - 16:45),Criva Direct,4048,4196,825,841,4873,5037,164
2026-04-13,10,Lipcani - Chișinău (14:10 - 19:05),Criva Direct,5629,5764,1666,1700,7295,7464,169
2026-04-13,11,Criva - Chișinău (13:20 - 17:40),Criva Direct,4221,4302,4205,4307,8426,8609,183
2026-04-13,14,Criva - Chișinău (15:30 - 20:20),Criva Direct,4941,5150,3731,3791,8672,8941,269
2026-04-13,15,Criva - Chișinău (17:30 - 22:25),Criva Direct,4722,4864,2944,2961,7666,7825,159
2026-04-13,16,Lipcani - Chișinău (02:35 - 7:00),Criva Direct,3359,3515,1533,1553,4892,5068,176
2026-04-13,18,Lipcani (Viișoara) - Chișinău (04:05 - 8:10),Lipcani via Viișoara,1559,1563,2888,2910,4447,4473,26
2026-04-13,19,Lipcani - Chișinău (06:10 - 10:40),Criva via Larga,1985,2084,3935,3954,5920,6038,118
2026-04-13,20,Criva (Larga) - Chișinău (06:00 - 11:35),Criva via Larga,4241,4311,4040,4185,8281,8496,215
2026-04-13,21,Chișinău (12:35 - 17:40),Otaci/Ocnița,4547,4590,908,901,5455,5491,36
2026-04-13,22,Lipcani - Chișinău (06:35 - 10:50),Criva Direct,2459,2566,4275,4406,6734,6972,238
2026-04-13,23,Criva - Chișinău (07:05 - 12:20),Criva Direct,3565,3659,3485,3598,7050,7257,207
2026-04-13,24,Criva (Larga) - Chișinău (07:25 - 12:45),Criva via Larga,3658,3671,2010,2018,5668,5689,21
2026-04-13,25,Caracusenii Vechi - Chișinău (07:00 - 10:45),Corjeuti/Edinet,3686,3713,1491,1499,5177,5212,35
2026-04-13,26,Corjeuți (Briceni) - Chișinău (08:00 - 17:15),Criva via Corjeuți,3834,3855,562,560,4396,4415,19
2026-04-13,27,Lipcani - Chișinău (09:15 - 13:45),Criva Direct,4084,4117,871,871,4955,4988,33
2026-04-13,28,Criva - Chișinău (09:35 - 15:10),Criva Direct,4773,4882,3134,3247,7907,8129,222
2026-04-13,29,Ocnița - Chișinău (09:50 - 13:50),Otaci/Ocnița,5291,5360,1594,1675,6885,7035,150
2026-04-14,1,Grimăncăuți - Chișinău (03:00 - 7:10),Criva Direct,3874,3918,3929,4007,7803,7925,122
2026-04-14,2,Briceni - Chișinău (05:45 - 8:20),Criva via Larga,3312,3332,3279,3292,6591,6624,33
2026-04-14,3,Chișinău (08:00 - 12:40),Otaci/Ocnița,3757,3787,1712,1716,5469,5503,34
2026-04-14,5,Șirăuți - Chișinău (10:10 - 15:10),Lipcani via Rîșcani,4307,4308,1332,1306,5639,5614,-25
2026-04-14,6,Corjeuți - Chișinău (6:17 - 10:20),Corjeuti/Edinet,4172,4135,3397,3395,7569,7530,-39
2026-04-14,7,Criva - Chișinău (11:00 - 15:35),Criva Direct,4453,4496,1422,1454,5875,5950,75
2026-04-14,9,Criva - Chișinău (12:00 - 16:45),Criva Direct,3764,3778,1849,2008,5613,5786,173
2026-04-14,10,Lipcani - Chișinău (14:10 - 19:05),Criva Direct,4337,4365,4134,4228,8471,8593,122
2026-04-14,11,Criva - Chișinău (13:20 - 17:40),Criva Direct,4326,4407,1888,1858,6214,6265,51
2026-04-14,12,Lipcani - Chișinău (14:50 - 18:55),Criva Direct,1720,1719,3401,3484,5121,5203,82
2026-04-14,14,Criva - Chișinău (15:30 - 20:20),Criva Direct,4034,4123,3294,3291,7328,7414,86
2026-04-14,15,Criva - Chișinău (17:30 - 22:25),Criva Direct,3495,3554,3098,3219,6593,6773,180
2026-04-14,16,Lipcani - Chișinău (02:35 - 7:00),Criva Direct,2366,2487,3000,3145,5366,5632,266
2026-04-14,17,Criva (Tețcani) - Chișinău (02:40 - 8:20),Criva via Corjeuți,3515,3594,3539,3652,7054,7246,192
2026-04-14,18,Lipcani (Viișoara) - Chișinău (04:05 - 8:10),Lipcani via Viișoara,4620,4628,4352,4340,8972,8968,-4
2026-04-14,19,Lipcani - Chișinău (06:10 - 10:40),Criva via Larga,5000,5236,3957,3980,8957,9216,259
2026-04-14,20,Criva (Larga) - Chișinău (06:00 - 11:35),Criva via Larga,5075,5148,4811,5018,9886,10166,280
2026-04-14,21,Chișinău (12:35 - 17:40),Otaci/Ocnița,4166,4206,3101,3105,7267,7311,44
2026-04-14,22,Lipcani - Chișinău (06:35 - 10:50),Criva Direct,3899,4006,3928,4027,7827,8033,206
2026-04-14,23,Criva - Chișinău (07:05 - 12:20),Criva Direct,5332,5540,3564,3631,8896,9171,275
2026-04-14,24,Criva (Larga) - Chișinău (07:25 - 12:45),Criva via Larga,4190,4285,2739,2769,6929,7054,125
2026-04-14,25,Caracusenii Vechi - Chișinău (07:00 - 10:45),Corjeuti/Edinet,3706,3713,2256,2266,5962,5979,17
2026-04-14,26,Corjeuți (Briceni) - Chișinău (08:00 - 17:15),Criva via Corjeuți,4550,4829,3339,3355,7889,8184,295
2026-04-14,27,Lipcani - Chișinău (09:15 - 13:45),Criva Direct,4452,4555,1997,2012,6449,6567,118
2026-04-14,28,Criva - Chișinău (09:35 - 15:10),Criva Direct,5268,5443,3693,3827,8961,9270,309
2026-04-14,29,Ocnița - Chișinău (09:50 - 13:50),Otaci/Ocnița,5421,5346,1601,1606,7022,6952,-70
2026-04-15,1,Grimăncăuți - Chișinău (03:00 - 7:10),Criva Direct,1998,2023,4242,4342,6240,6365,125
2026-04-15,2,Briceni - Chișinău (05:45 - 8:20),Criva via Larga,2699,2716,1690,1699,4389,4415,26
2026-04-15,3,Chișinău (08:00 - 12:40),Otaci/Ocnița,3096,3114,2176,2186,5272,5300,28
2026-04-15,5,Șirăuți - Chișinău (10:10 - 15:10),Lipcani via Rîșcani,3656,3618,1491,1456,5147,5074,-73
2026-04-15,6,Corjeuți - Chișinău (6:17 - 10:20),Corjeuti/Edinet,2549,2516,2783,2752,5332,5268,-64
2026-04-15,7,Criva - Chișinău (11:00 - 15:35),Criva Direct,5203,5300,1758,1724,6961,7024,63
2026-04-15,9,Criva - Chișinău (12:00 - 16:45),Criva Direct,2436,2504,3774,3891,6210,6395,185
2026-04-15,10,Lipcani - Chișinău (14:10 - 19:05),Criva Direct,0,0,3350,3484,3350,3484,134
2026-04-15,11,Criva - Chișinău (13:20 - 17:40),Criva Direct,3450,3556,2079,2139,5529,5695,166
2026-04-15,12,Lipcani - Chișinău (14:50 - 18:55),Criva Direct,1669,1697,3520,3573,5189,5270,81
2026-04-15,14,Criva - Chișinău (15:30 - 20:20),Criva Direct,1921,1991,3613,3859,5534,5850,316
2026-04-15,15,Criva - Chișinău (17:30 - 22:25),Criva Direct,4007,4063,2634,2650,6641,6713,72
2026-04-15,16,Lipcani - Chișinău (02:35 - 7:00),Criva Direct,1375,1425,2283,2345,3658,3770,112
2026-04-15,17,Criva (Tețcani) - Chișinău (02:40 - 8:20),Criva via Corjeuți,2591,2670,3122,3222,5713,5892,179
2026-04-15,18,Lipcani (Viișoara) - Chișinău (04:05 - 8:10),Lipcani via Viișoara,1544,1525,3927,3917,5471,5442,-29
2026-04-15,19,Lipcani - Chișinău (06:10 - 10:40),Criva via Larga,2691,2786,3082,3051,5773,5837,64
2026-04-15,20,Criva (Larga) - Chișinău (06:00 - 11:35),Criva via Larga,3534,3670,4577,4747,8111,8417,306
2026-04-15,21,Chișinău (12:35 - 17:40),Otaci/Ocnița,2550,2551,2853,2847,5403,5398,-5
2026-04-15,22,Lipcani - Chișinău (06:35 - 10:50),Criva Direct,4295,4369,3346,3435,7641,7804,163
2026-04-15,23,Criva - Chișinău (07:05 - 12:20),Criva Direct,4190,4388,4245,4466,8435,8854,419
2026-04-15,24,Criva (Larga) - Chișinău (07:25 - 12:45),Criva via Larga,3493,3546,3663,3694,7156,7240,84
2026-04-15,25,Caracusenii Vechi - Chișinău (07:00 - 10:45),Corjeuti/Edinet,1732,1700,2570,2596,4302,4296,-6
2026-04-15,26,Corjeuți (Briceni) - Chișinău (08:00 - 17:15),Criva via Corjeuți,3365,3393,3366,3349,6731,6742,11
2026-04-15,27,Lipcani - Chișinău (09:15 - 13:45),Criva Direct,4084,4117,909,880,4993,4997,4
2026-04-15,28,Criva - Chișinău (09:35 - 15:10),Criva Direct,5078,5210,3482,3524,8560,8734,174
2026-04-15,29,Ocnița - Chișinău (09:50 - 13:50),Otaci/Ocnița,3112,3049,2891,2917,6003,5966,-37
2026-04-16,1,Grimăncăuți - Chișinău (03:00 - 7:10),Criva Direct,3638,3954,4097,4468,7735,8422,687
2026-04-16,2,Briceni - Chișinău (05:45 - 8:20),Criva via Larga,2700,2899,2994,3213,5694,6112,418
2026-04-16,3,Chișinău (08:00 - 12:40),Otaci/Ocnița,2082,2241,928,1005,3010,3246,236
2026-04-16,5,Șirăuți - Chișinău (10:10 - 15:10),Lipcani via Rîșcani,3170,3379,3617,3848,6787,7227,440
2026-04-16,6,Corjeuți - Chișinău (6:17 - 10:20),Corjeuti/Edinet,1739,1839,3468,3701,5207,5540,333
2026-04-16,7,Criva - Chișinău (11:00 - 15:35),Criva Direct,4020,4390,3554,3850,7574,8240,666
2026-04-16,8,Criva - Chișinău (12:30 - 17:40),Criva Direct,0,0,2337,2524,2337,2524,187
2026-04-16,9,Criva - Chișinău (12:00 - 16:45),Criva Direct,2605,2821,2463,2825,5068,5646,578
2026-04-16,10,Lipcani - Chișinău (14:10 - 19:05),Criva Direct,2692,2945,1613,1787,4305,4732,427
2026-04-16,11,Criva - Chișinău (13:20 - 17:40),Criva Direct,2709,3020,3162,3529,5871,6549,678
2026-04-16,12,Lipcani - Chișinău (14:50 - 18:55),Criva Direct,643,691,2824,3279,3467,3970,503
2026-04-16,14,Criva - Chișinău (15:30 - 20:20),Criva Direct,2524,2785,4323,4721,6847,7506,659
2026-04-16,15,Criva - Chișinău (17:30 - 22:25),Criva Direct,1613,1728,3246,3646,4859,5374,515
2026-04-16,16,Lipcani - Chișinău (02:35 - 7:00),Criva Direct,2424,2692,1647,1818,4071,4510,439
2026-04-16,17,Criva (Tețcani) - Chișinău (02:40 - 8:20),Criva via Corjeuți,1818,1988,3236,3539,5054,5527,473
2026-04-16,18,Lipcani (Viișoara) - Chișinău (04:05 - 8:10),Lipcani via Viișoara,3843,4100,3449,3689,7292,7789,497
2026-04-16,19,Lipcani - Chișinău (06:10 - 10:40),Criva via Larga,4348,4882,4267,4545,8615,9427,812
2026-04-16,20,Criva (Larga) - Chișinău (06:00 - 11:35),Criva via Larga,3979,4435,4116,4535,8095,8970,875
2026-04-16,21,Chișinău (12:35 - 17:40),Otaci/Ocnița,3725,4007,1471,1564,5196,5571,375
2026-04-16,22,Lipcani - Chișinău (06:35 - 10:50),Criva Direct,4033,4579,3973,4407,8006,8986,980
2026-04-16,23,Criva - Chișinău (07:05 - 12:20),Criva Direct,3795,4416,3422,3784,7217,8200,983
2026-04-16,24,Criva (Larga) - Chișinău (07:25 - 12:45),Criva via Larga,3280,3750,3043,3267,6323,7017,694
2026-04-16,25,Caracusenii Vechi - Chișinău (07:00 - 10:45),Corjeuti/Edinet,2638,2842,1439,1555,4077,4397,320
2026-04-16,26,Corjeuți (Briceni) - Chișinău (08:00 - 17:15),Criva via Corjeuți,4038,4597,3145,3365,7183,7962,779
2026-04-16,27,Lipcani - Chișinău (09:15 - 13:45),Criva Direct,3638,3994,2803,3093,6441,7087,646
2026-04-16,28,Criva - Chișinău (09:35 - 15:10),Criva Direct,4694,5179,3487,3889,8181,9068,887
2026-04-16,29,Ocnița - Chișinău (09:50 - 13:50),Otaci/Ocnița,2912,3125,3032,3282,5944,6407,463
2026-04-17,1,Grimăncăuți - Chișinău (03:00 - 7:10),Criva Direct,2409,2448,5002,5069,7411,7517,106
2026-04-17,2,Briceni - Chișinău (05:45 - 8:20),Criva via Larga,1956,1969,3116,3130,5072,5099,27
2026-04-17,3,Chișinău (08:00 - 12:40),Otaci/Ocnița,2517,2508,3166,3185,5683,5693,10
2026-04-17,5,Șirăuți - Chișinău (10:10 - 15:10),Lipcani via Rîșcani,3173,3138,4138,4071,7311,7209,-102
2026-04-17,6,Corjeuți - Chișinău (6:17 - 10:20),Corjeuti/Edinet,2331,2277,3660,3644,5991,5921,-70
2026-04-17,7,Criva - Chișinău (11:00 - 15:35),Criva Direct,4298,4521,4378,4532,8676,9053,377
2026-04-17,8,Criva - Chișinău (12:30 - 17:40),Criva Direct,2223,2197,4130,4273,6353,6470,117
2026-04-17,9,Criva - Chișinău (12:00 - 16:45),Criva Direct,3860,3925,3330,3379,7190,7304,114
2026-04-17,10,Lipcani - Chișinău (14:10 - 19:05),Criva Direct,1380,1375,3020,3067,4400,4442,42
2026-04-17,11,Criva - Chișinău (13:20 - 17:40),Criva Direct,2320,2373,2575,2587,4895,4960,65
2026-04-17,12,Lipcani - Chișinău (14:50 - 18:55),Criva Direct,2717,2736,2062,2081,4779,4817,38
2026-04-17,14,Criva - Chișinău (15:30 - 20:20),Criva Direct,2337,2417,4415,4578,6752,6995,243
2026-04-17,15,Criva - Chișinău (17:30 - 22:25),Criva Direct,2531,2612,3313,3466,5844,6078,234
2026-04-17,16,Lipcani - Chișinău (02:35 - 7:00),Criva Direct,410,415,3864,3939,4274,4354,80
2026-04-17,17,Criva (Tețcani) - Chișinău (02:40 - 8:20),Criva via Corjeuți,1792,1868,4029,4153,5821,6021,200
2026-04-17,18,Lipcani (Viișoara) - Chișinău (04:05 - 8:10),Lipcani via Viișoara,3297,3296,4479,4469,7776,7765,-11
2026-04-17,19,Lipcani - Chișinău (06:10 - 10:40),Criva via Larga,4093,4221,5065,5088,9158,9309,151
2026-04-17,20,Criva (Larga) - Chișinău (06:00 - 11:35),Criva via Larga,3670,3749,4446,4592,8116,8341,225
2026-04-17,21,Chișinău (12:35 - 17:40),Otaci/Ocnița,2159,2107,4064,4095,6223,6202,-21
2026-04-17,22,Lipcani - Chișinău (06:35 - 10:50),Criva Direct,3662,3784,4806,5041,8468,8825,357
2026-04-17,23,Criva - Chișinău (07:05 - 12:20),Criva Direct,4582,4814,4202,4369,8784,9183,399
2026-04-17,24,Criva (Larga) - Chișinău (07:25 - 12:45),Criva via Larga,4163,4284,2854,2853,7017,7137,120
2026-04-17,25,Caracusenii Vechi - Chișinău (07:00 - 10:45),Corjeuti/Edinet,2087,2120,4306,4337,6393,6457,64
2026-04-17,26,Corjeuți (Briceni) - Chișinău (08:00 - 17:15),Criva via Corjeuți,3573,3665,3968,4029,7541,7694,153
2026-04-17,27,Lipcani - Chișinău (09:15 - 13:45),Criva Direct,4054,4163,3315,3364,7369,7527,158
2026-04-17,28,Criva - Chișinău (09:35 - 15:10),Criva Direct,3834,3967,4674,4809,8508,8776,268
2026-04-17,29,Ocnița - Chișinău (09:50 - 13:50),Otaci/Ocnița,4731,4689,3924,3946,8655,8635,-20
2026-04-18,1,Grimăncăuți - Chișinău (03:00 - 7:10),Criva Direct,1632,1658,4616,4720,6248,6378,130
2026-04-18,2,Briceni - Chișinău (05:45 - 8:20),Criva via Larga,1254,1266,3488,3514,4742,4780,38
2026-04-18,3,Chișinău (08:00 - 12:40),Otaci/Ocnița,1773,1748,2932,2939,4705,4687,-18
2026-04-18,5,Șirăuți - Chișinău (10:10 - 15:10),Lipcani via Rîșcani,2866,2814,2814,2812,5680,5626,-54
2026-04-18,6,Corjeuți - Chișinău (6:17 - 10:20),Corjeuti/Edinet,2249,2222,3760,3733,6009,5955,-54
2026-04-18,7,Criva - Chișinău (11:00 - 15:35),Criva Direct,3550,3579,3752,3876,7302,7455,153
2026-04-18,8,Criva - Chișinău (12:30 - 17:40),Criva Direct,3078,3154,3001,3019,6079,6173,94
2026-04-18,9,Criva - Chișinău (12:00 - 16:45),Criva Direct,3191,3284,2928,3047,6119,6331,212
2026-04-18,10,Lipcani - Chișinău (14:10 - 19:05),Criva Direct,3075,3120,4298,4339,7373,7459,86
2026-04-18,11,Criva - Chișinău (13:20 - 17:40),Criva Direct,0,0,4042,4075,4042,4075,33
2026-04-18,12,Lipcani - Chișinău (14:50 - 18:55),Criva Direct,967,984,4193,4250,5160,5234,74
2026-04-18,14,Criva - Chișinău (15:30 - 20:20),Criva Direct,2135,2188,4487,4657,6622,6845,223
2026-04-18,15,Criva - Chișinău (17:30 - 22:25),Criva Direct,4033,4151,3253,3259,7286,7410,124
2026-04-18,16,Lipcani - Chișinău (02:35 - 7:00),Criva Direct,541,568,4168,4248,4709,4816,107
2026-04-18,17,Criva (Tețcani) - Chișinău (02:40 - 8:20),Criva via Corjeuți,496,540,3371,3383,3867,3923,56
2026-04-18,18,Lipcani (Viișoara) - Chișinău (04:05 - 8:10),Lipcani via Viișoara,2412,2400,4043,4030,6455,6430,-25
2026-04-18,19,Lipcani - Chișinău (06:10 - 10:40),Criva via Larga,4490,4639,5088,5133,9578,9772,194
2026-04-18,20,Criva (Larga) - Chișinău (06:00 - 11:35),Criva via Larga,2702,2792,4751,4958,7453,7750,297
2026-04-18,21,Chișinău (12:35 - 17:40),Otaci/Ocnița,3045,3030,3236,3229,6281,6259,-22
2026-04-18,22,Lipcani - Chișinău (06:35 - 10:50),Criva Direct,1662,1670,4078,4083,5740,5753,13
2026-04-18,23,Criva - Chișinău (07:05 - 12:20),Criva Direct,5343,5600,3932,4044,9275,9644,369
2026-04-18,24,Criva (Larga) - Chișinău (07:25 - 12:45),Criva via Larga,2409,2586,2919,2943,5328,5529,201
2026-04-18,25,Caracusenii Vechi - Chișinău (07:00 - 10:45),Corjeuti/Edinet,1556,1521,3244,3290,4800,4811,11
2026-04-18,26,Corjeuți (Briceni) - Chișinău (08:00 - 17:15),Criva via Corjeuți,1957,2002,2797,2799,4754,4801,47
2026-04-18,27,Lipcani - Chișinău (09:15 - 13:45),Criva Direct,3175,3162,3021,3076,6196,6238,42
2026-04-18,28,Criva - Chișinău (09:35 - 15:10),Criva Direct,4548,4659,4495,4694,9043,9353,310
2026-04-18,29,Ocnița - Chișinău (09:50 - 13:50),Otaci/Ocnița,3559,3537,3714,3710,7273,7247,-26
2026-04-19,3,Chișinău (08:00 - 12:40),Otaci/Ocnița,2692,2717,2290,2277,4982,4994,12
2026-04-19,5,Șirăuți - Chișinău (10:10 - 15:10),Lipcani via Rîșcani,3995,3956,1638,1612,5633,5568,-65
2026-04-19,6,Corjeuți - Chișinău (6:17 - 10:20),Corjeuti/Edinet,2505,2411,2270,2266,4775,4677,-98
2026-04-19,7,Criva - Chișinău (11:00 - 15:35),Criva Direct,4369,4432,940,965,5309,5397,88
2026-04-19,8,Criva - Chișinău (12:30 - 17:40),Criva Direct,3977,4156,1745,1743,5722,5899,177
2026-04-19,10,Lipcani - Chișinău (14:10 - 19:05),Criva Direct,6096,6304,4535,4555,10631,10859,228
2026-04-19,14,Criva - Chișinău (15:30 - 20:20),Criva Direct,4671,4848,3872,3995,8543,8843,300
2026-04-19,15,Criva - Chișinău (17:30 - 22:25),Criva Direct,3929,4016,3418,3491,7347,7507,160
2026-04-19,16,Lipcani - Chișinău (02:35 - 7:00),Criva Direct,2787,2853,3552,3620,6339,6473,134
2026-04-19,18,Lipcani (Viișoara) - Chișinău (04:05 - 8:10),Lipcani via Viișoara,2810,2807,3387,3353,6197,6160,-37
2026-04-19,19,Lipcani - Chișinău (06:10 - 10:40),Criva via Larga,2124,2182,3053,3084,5177,5266,89
2026-04-19,20,Criva (Larga) - Chișinău (06:00 - 11:35),Criva via Larga,2390,2500,2896,2916,5286,5416,130
2026-04-19,21,Chișinău (12:35 - 17:40),Otaci/Ocnița,5009,5015,2333,2326,7342,7341,-1
2026-04-19,22,Lipcani - Chișinău (06:35 - 10:50),Criva Direct,2061,2180,2354,2357,4415,4537,122
2026-04-19,23,Criva - Chișinău (07:05 - 12:20),Criva Direct,3019,3166,2584,2631,5603,5797,194
2026-04-19,24,Criva (Larga) - Chișinău (07:25 - 12:45),Criva via Larga,2388,2391,3377,3400,5765,5791,26
2026-04-19,25,Caracusenii Vechi - Chișinău (07:00 - 10:45),Corjeuti/Edinet,3414,3427,2054,2069,5468,5496,28
2026-04-19,26,Corjeuți (Briceni) - Chișinău (08:00 - 17:15),Criva via Corjeuți,4464,4655,1266,1253,5730,5908,178
2026-04-19,28,Criva - Chișinău (09:35 - 15:10),Criva Direct,4690,4856,2524,2573,7214,7429,215
2026-04-19,29,Ocnița - Chișinău (09:50 - 13:50),Otaci/Ocnița,3605,3558,1042,1045,4647,4603,-44
2026-04-20,1,Grimăncăuți - Chișinău (03:00 - 7:10),Criva Direct,761,770,2032,1992,2793,2762,-31
2026-04-20,2,Briceni - Chișinău (05:45 - 8:20),Criva via Larga,1448,1454,1213,1198,2661,2652,-9
2026-04-20,3,Chișinău (08:00 - 12:40),Otaci/Ocnița,3321,3320,1310,1304,4631,4624,-7
2026-04-20,5,Șirăuți - Chișinău (10:10 - 15:10),Lipcani via Rîșcani,4581,4558,1914,1916,6495,6474,-21
2026-04-20,6,Corjeuți - Chișinău (6:17 - 10:20),Corjeuti/Edinet,3618,3620,1870,1873,5488,5493,5
2026-04-20,7,Criva - Chișinău (11:00 - 15:35),Criva Direct,4882,5026,2245,2252,7127,7278,151
2026-04-20,8,Criva - Chișinău (12:30 - 17:40),Criva Direct,4816,5026,1531,1570,6347,6596,249
2026-04-20,9,Criva - Chișinău (12:00 - 16:45),Criva Direct,4621,4725,319,319,4940,5044,104
2026-04-20,10,Lipcani - Chișinău (14:10 - 19:05),Criva Direct,6161,6330,1962,1984,8123,8314,191
2026-04-20,11,Criva - Chișinău (13:20 - 17:40),Criva Direct,4151,4182,0,0,4151,4182,31
2026-04-20,12,Lipcani - Chișinău (14:50 - 18:55),Criva Direct,4764,4994,4476,4555,9240,9549,309
2026-04-20,13,Lipcani (Rîșcani) - Chișinău (15:00 - 19:55),Lipcani via Rîșcani,4589,4911,0,0,4589,4911,322
2026-04-20,14,Criva - Chișinău (15:30 - 20:20),Criva Direct,4896,5117,3224,3293,8120,8410,290
2026-04-20,15,Criva - Chișinău (17:30 - 22:25),Criva Direct,3469,3617,2097,2155,5566,5772,206
2026-04-20,16,Lipcani - Chișinău (02:35 - 7:00),Criva Direct,1914,2009,1877,1878,3791,3887,96
2026-04-20,17,Criva (Tețcani) - Chișinău (02:40 - 8:20),Criva via Corjeuți,977,1057,2085,2118,3062,3175,113
2026-04-20,18,Lipcani (Viișoara) - Chișinău (04:05 - 8:10),Lipcani via Viișoara,4946,4951,2434,2432,7380,7383,3
2026-04-20,19,Lipcani - Chișinău (06:10 - 10:40),Criva via Larga,4330,4388,1967,1948,6297,6336,39
2026-04-20,20,Criva (Larga) - Chișinău (06:00 - 11:35),Criva via Larga,4870,5065,4057,4196,8927,9261,334
2026-04-20,21,Chișinău (12:35 - 17:40),Otaci/Ocnița,4352,4341,707,704,5059,5045,-14
2026-04-20,22,Lipcani - Chișinău (06:35 - 10:50),Criva Direct,4096,4190,3889,3954,7985,8144,159
2026-04-20,23,Criva - Chișinău (07:05 - 12:20),Criva Direct,3999,4156,1796,1845,5795,6001,206
2026-04-20,24,Criva (Larga) - Chișinău (07:25 - 12:45),Criva via Larga,3929,4044,1645,1659,5574,5703,129
2026-04-20,25,Caracusenii Vechi - Chișinău (07:00 - 10:45),Corjeuti/Edinet,4222,4313,1210,1220,5432,5533,101
2026-04-20,26,Corjeuți (Briceni) - Chișinău (08:00 - 17:15),Criva via Corjeuți,4721,4939,1291,1253,6012,6192,180
2026-04-20,27,Lipcani - Chișinău (09:15 - 13:45),Criva Direct,5091,5313,1261,1298,6352,6611,259
2026-04-20,28,Criva - Chișinău (09:35 - 15:10),Criva Direct,4909,5053,2847,2916,7756,7969,213
2026-04-20,29,Ocnița - Chișinău (09:50 - 13:50),Otaci/Ocnița,5307,5382,1388,1406,6695,6788,93
2026-04-21,1,Grimăncăuți - Chișinău (03:00 - 7:10),Criva Direct,4946,5056,4794,4823,9740,9879,139
2026-04-21,2,Briceni - Chișinău (05:45 - 8:20),Criva via Larga,4125,4146,3004,3043,7129,7189,60
2026-04-21,3,Chișinău (08:00 - 12:40),Otaci/Ocnița,4014,4035,2249,2247,6263,6282,19
2026-04-21,5,Șirăuți - Chișinău (10:10 - 15:10),Lipcani via Rîșcani,4415,4390,2108,2069,6523,6459,-64
2026-04-21,6,Corjeuți - Chișinău (6:17 - 10:20),Corjeuti/Edinet,3574,3533,3272,3258,6846,6791,-55
2026-04-21,7,Criva - Chișinău (11:00 - 15:35),Criva Direct,4940,5134,1024,1027,5964,6161,197
2026-04-21,8,Criva - Chișinău (12:30 - 17:40),Criva Direct,4328,4431,1800,1822,6128,6253,125
2026-04-21,9,Criva - Chișinău (12:00 - 16:45),Criva Direct,3452,3494,834,847,4286,4341,55
2026-04-21,10,Lipcani - Chișinău (14:10 - 19:05),Criva Direct,4026,4031,2923,3030,6949,7061,112
2026-04-21,11,Criva - Chișinău (13:20 - 17:40),Criva Direct,4370,4421,1888,1896,6258,6317,59
2026-04-21,12,Lipcani - Chișinău (14:50 - 18:55),Criva Direct,3370,3390,3344,3480,6714,6870,156
2026-04-21,14,Criva - Chișinău (15:30 - 20:20),Criva Direct,3035,3115,4274,4440,7309,7555,246
2026-04-21,15,Criva - Chișinău (17:30 - 22:25),Criva Direct,2516,2582,2134,2224,4650,4806,156
2026-04-21,16,Lipcani - Chișinău (02:35 - 7:00),Criva Direct,4931,5201,1593,1610,6524,6811,287
2026-04-21,17,Criva (Tețcani) - Chișinău (02:40 - 8:20),Criva via Corjeuți,4407,4595,3427,3535,7834,8130,296
2026-04-21,18,Lipcani (Viișoara) - Chișinău (04:05 - 8:10),Lipcani via Viișoara,4932,4921,3865,3861,8797,8782,-15
2026-04-21,19,Lipcani - Chișinău (06:10 - 10:40),Criva via Larga,5538,5748,4056,4018,9594,9766,172
2026-04-21,20,Criva (Larga) - Chișinău (06:00 - 11:35),Criva via Larga,5157,5392,4330,4475,9487,9867,380
2026-04-21,21,Chișinău (12:35 - 17:40),Otaci/Ocnița,4228,4216,1656,1654,5884,5870,-14
2026-04-21,22,Lipcani - Chișinău (06:35 - 10:50),Criva Direct,5054,5215,3954,4081,9008,9296,288
2026-04-21,23,Criva - Chișinău (07:05 - 12:20),Criva Direct,5315,5510,1757,1807,7072,7317,245
2026-04-21,24,Criva (Larga) - Chișinău (07:25 - 12:45),Criva via Larga,4787,4716,2597,2611,7384,7327,-57
2026-04-21,25,Caracusenii Vechi - Chișinău (07:00 - 10:45),Corjeuti/Edinet,4656,4685,2668,2693,7324,7378,54
2026-04-21,26,Corjeuți (Briceni) - Chișinău (08:00 - 17:15),Criva via Corjeuți,3944,4005,2862,2878,6806,6883,77
2026-04-21,27,Lipcani - Chișinău (09:15 - 13:45),Criva Direct,4959,5144,1355,1357,6314,6501,187
2026-04-21,28,Criva - Chișinău (09:35 - 15:10),Criva Direct,5127,5270,2119,2110,7246,7380,134
2026-04-21,29,Ocnița - Chișinău (09:50 - 13:50),Otaci/Ocnița,4429,4387,1208,1224,5637,5611,-26
2026-04-22,1,Grimăncăuți - Chișinău (03:00 - 7:10),Criva Direct,3993,4061,4719,4859,8712,8920,208
2026-04-22,2,Briceni - Chișinău (05:45 - 8:20),Criva via Larga,1484,1495,1973,1989,3457,3484,27
2026-04-22,3,Chișinău (08:00 - 12:40),Otaci/Ocnița,3468,3485,2195,2224,5663,5709,46
2026-04-22,5,Șirăuți - Chișinău (10:10 - 15:10),Lipcani via Rîșcani,3616,3564,2673,2600,6289,6164,-125
2026-04-22,6,Corjeuți - Chișinău (6:17 - 10:20),Corjeuti/Edinet,2100,2052,2599,2560,4699,4612,-87
2026-04-22,7,Criva - Chișinău (11:00 - 15:35),Criva Direct,4533,4583,2751,2801,7284,7384,100
2026-04-22,8,Criva - Chișinău (12:30 - 17:40),Criva Direct,1919,1952,1564,1523,3483,3475,-8
2026-04-22,9,Criva - Chișinău (12:00 - 16:45),Criva Direct,4255,4370,1391,1451,5646,5821,175
2026-04-22,10,Lipcani - Chișinău (14:10 - 19:05),Criva Direct,2604,2597,2210,2234,4814,4831,17
2026-04-22,11,Criva - Chișinău (13:20 - 17:40),Criva Direct,1897,1929,2116,2156,4013,4085,72
2026-04-22,12,Lipcani - Chișinău (14:50 - 18:55),Criva Direct,2280,2333,2444,2486,4724,4819,95
2026-04-22,14,Criva - Chișinău (15:30 - 20:20),Criva Direct,1441,1481,3487,3552,4928,5033,105
2026-04-22,15,Criva - Chișinău (17:30 - 22:25),Criva Direct,2064,2125,1491,1583,3555,3708,153
2026-04-22,16,Lipcani - Chișinău (02:35 - 7:00),Criva Direct,2098,2214,1304,1326,3402,3540,138
2026-04-22,17,Criva (Tețcani) - Chișinău (02:40 - 8:20),Criva via Corjeuți,2619,2663,1752,1828,4371,4491,120
2026-04-22,18,Lipcani (Viișoara) - Chișinău (04:05 - 8:10),Lipcani via Viișoara,4036,4048,3507,3492,7543,7540,-3
2026-04-22,19,Lipcani - Chișinău (06:10 - 10:40),Criva via Larga,2838,2930,3181,3191,6019,6121,102
2026-04-22,20,Criva (Larga) - Chișinău (06:00 - 11:35),Criva via Larga,3869,3954,4614,4720,8483,8674,191
2026-04-22,21,Chișinău (12:35 - 17:40),Otaci/Ocnița,3829,3763,1973,1953,5802,5716,-86
2026-04-22,22,Lipcani - Chișinău (06:35 - 10:50),Criva Direct,3682,3817,3359,3409,7041,7226,185
2026-04-22,23,Criva - Chișinău (07:05 - 12:20),Criva Direct,4079,4268,3220,3239,7299,7507,208
2026-04-22,24,Criva (Larga) - Chișinău (07:25 - 12:45),Criva via Larga,3857,3967,2251,2265,6108,6232,124
2026-04-22,25,Caracusenii Vechi - Chișinău (07:00 - 10:45),Corjeuti/Edinet,2341,2352,2747,2745,5088,5097,9
2026-04-22,26,Corjeuți (Briceni) - Chișinău (08:00 - 17:15),Criva via Corjeuți,4153,4277,3343,3340,7496,7617,121
2026-04-22,27,Lipcani - Chișinău (09:15 - 13:45),Criva Direct,3810,3866,1279,1305,5089,5171,82
2026-04-22,28,Criva - Chișinău (09:35 - 15:10),Criva Direct,4460,4547,2871,2923,7331,7470,139
2026-04-22,29,Ocnița - Chișinău (09:50 - 13:50),Otaci/Ocnița,3976,3985,2742,2762,6718,6747,29
2026-04-23,1,Grimăncăuți - Chișinău (03:00 - 7:10),Criva Direct,1608,1625,4338,4268,5946,5893,-53
2026-04-23,2,Briceni - Chișinău (05:45 - 8:20),Criva via Larga,3133,3152,2297,2333,5430,5485,55
2026-04-23,3,Chișinău (08:00 - 12:40),Otaci/Ocnița,2252,2277,1972,1992,4224,4269,45
2026-04-23,5,Șirăuți - Chișinău (10:10 - 15:10),Lipcani via Rîșcani,2406,2346,1998,1970,4404,4316,-88
2026-04-23,6,Corjeuți - Chișinău (6:17 - 10:20),Corjeuti/Edinet,3193,3112,3613,3592,6806,6704,-102
2026-04-23,7,Criva - Chișinău (11:00 - 15:35),Criva Direct,4647,4731,1625,1672,6272,6403,131
2026-04-23,8,Criva - Chișinău (12:30 - 17:40),Criva Direct,3044,3108,1099,1111,4143,4219,76
2026-04-23,9,Criva - Chișinău (12:00 - 16:45),Criva Direct,2562,2577,1480,1587,4042,4164,122
2026-04-23,10,Lipcani - Chișinău (14:10 - 19:05),Criva Direct,1791,1803,2651,2701,4442,4504,62
2026-04-23,11,Criva - Chișinău (13:20 - 17:40),Criva Direct,2263,2289,1910,2035,4173,4324,151
2026-04-23,12,Lipcani - Chișinău (14:50 - 18:55),Criva Direct,347,344,2257,2226,2604,2570,-34
2026-04-23,14,Criva - Chișinău (15:30 - 20:20),Criva Direct,2137,2140,3014,2978,5151,5118,-33
2026-04-23,15,Criva - Chișinău (17:30 - 22:25),Criva Direct,1743,1777,2427,2576,4170,4353,183
2026-04-23,16,Lipcani - Chișinău (02:35 - 7:00),Criva Direct,2328,2461,2537,2575,4865,5036,171
2026-04-23,17,Criva (Tețcani) - Chișinău (02:40 - 8:20),Criva via Corjeuți,2905,2972,3172,3142,6077,6114,37
2026-04-23,18,Lipcani (Viișoara) - Chișinău (04:05 - 8:10),Lipcani via Viișoara,3957,3961,4136,4059,8093,8020,-73
2026-04-23,19,Lipcani - Chișinău (06:10 - 10:40),Criva via Larga,3079,3244,4234,4253,7313,7497,184
2026-04-23,20,Criva (Larga) - Chișinău (06:00 - 11:35),Criva via Larga,3246,3323,5052,5218,8298,8541,243
2026-04-23,21,Chișinău (12:35 - 17:40),Otaci/Ocnița,4869,4900,979,954,5848,5854,6
2026-04-23,22,Lipcani - Chișinău (06:35 - 10:50),Criva Direct,2606,2727,3742,3843,6348,6570,222
2026-04-23,23,Criva - Chișinău (07:05 - 12:20),Criva Direct,3431,3646,2620,2657,6051,6303,252
2026-04-23,24,Criva (Larga) - Chișinău (07:25 - 12:45),Criva via Larga,1940,2011,2170,2121,4110,4132,22
2026-04-23,25,Caracusenii Vechi - Chișinău (07:00 - 10:45),Corjeuti/Edinet,2307,2314,2024,2037,4331,4351,20
2026-04-23,26,Corjeuți (Briceni) - Chișinău (08:00 - 17:15),Criva via Corjeuți,3006,3207,1743,1741,4749,4948,199
2026-04-23,27,Lipcani - Chișinău (09:15 - 13:45),Criva Direct,3956,3989,1511,1496,5467,5485,18
2026-04-23,28,Criva - Chișinău (09:35 - 15:10),Criva Direct,3809,3993,2513,2483,6322,6476,154
2026-04-23,29,Ocnița - Chișinău (09:50 - 13:50),Otaci/Ocnița,2161,2067,2064,2078,4225,4145,-80
2026-04-24,1,Grimăncăuți - Chișinău (03:00 - 7:10),Criva Direct,3096,3162,3934,4016,7030,7178,148
2026-04-24,2,Briceni - Chișinău (05:45 - 8:20),Criva via Larga,2988,3013,2061,2070,5049,5083,34
2026-04-24,3,Chișinău (08:00 - 12:40),Otaci/Ocnița,2754,2792,1645,1660,4399,4452,53
2026-04-24,5,Șirăuți - Chișinău (10:10 - 15:10),Lipcani via Rîșcani,3327,3331,3683,3678,7010,7009,-1
2026-04-24,6,Corjeuți - Chișinău (6:17 - 10:20),Corjeuti/Edinet,3310,3308,3669,3664,6979,6972,-7
2026-04-24,7,Criva - Chișinău (11:00 - 15:35),Criva Direct,3334,3384,4652,4788,7986,8172,186
2026-04-24,8,Criva - Chișinău (12:30 - 17:40),Criva Direct,3247,3286,2715,2749,5962,6035,73
2026-04-24,9,Criva - Chișinău (12:00 - 16:45),Criva Direct,2285,2312,3161,3203,5446,5515,69
2026-04-24,10,Lipcani - Chișinău (14:10 - 19:05),Criva Direct,2354,2379,2919,3004,5273,5383,110
2026-04-24,11,Criva - Chișinău (13:20 - 17:40),Criva Direct,2229,2286,2354,2456,4583,4742,159
2026-04-24,14,Criva - Chișinău (15:30 - 20:20),Criva Direct,3654,3737,3043,3190,6697,6927,230
2026-04-24,15,Criva - Chișinău (17:30 - 22:25),Criva Direct,2189,2249,2435,2585,4624,4834,210
2026-04-24,16,Lipcani - Chișinău (02:35 - 7:00),Criva Direct,332,347,1342,1402,1674,1749,75
2026-04-24,17,Criva (Tețcani) - Chișinău (02:40 - 8:20),Criva via Corjeuți,2174,2272,3870,3978,6044,6250,206
2026-04-24,18,Lipcani (Viișoara) - Chișinău (04:05 - 8:10),Lipcani via Viișoara,3588,3595,830,830,4418,4425,7
2026-04-24,19,Lipcani - Chișinău (06:10 - 10:40),Criva via Larga,4399,4636,4487,4511,8886,9147,261
2026-04-24,20,Criva (Larga) - Chișinău (06:00 - 11:35),Criva via Larga,4293,4469,4288,4450,8581,8919,338
2026-04-24,21,Chișinău (12:35 - 17:40),Otaci/Ocnița,3376,3420,2890,2890,6266,6310,44
2026-04-24,22,Lipcani - Chișinău (06:35 - 10:50),Criva Direct,2966,3225,4550,4785,7516,8010,494
2026-04-24,23,Criva - Chișinău (07:05 - 12:20),Criva Direct,4146,4403,4259,4352,8405,8755,350
2026-04-24,24,Criva (Larga) - Chișinău (07:25 - 12:45),Criva via Larga,2598,2684,2553,2604,5151,5288,137
2026-04-24,25,Caracusenii Vechi - Chișinău (07:00 - 10:45),Corjeuti/Edinet,3478,3528,3545,3578,7023,7106,83
2026-04-24,26,Corjeuți (Briceni) - Chișinău (08:00 - 17:15),Criva via Corjeuți,3215,3332,3657,3735,6872,7067,195
2026-04-24,27,Lipcani - Chișinău (09:15 - 13:45),Criva Direct,2462,2596,3487,3530,5949,6126,177
2026-04-24,28,Criva - Chișinău (09:35 - 15:10),Criva Direct,3509,3643,3591,3684,7100,7327,227
2026-04-24,29,Ocnița - Chișinău (09:50 - 13:50),Otaci/Ocnița,3725,3772,3244,3280,6969,7052,83
2026-04-25,1,Grimăncăuți - Chișinău (03:00 - 7:10),Criva Direct,2896,2961,2777,2800,5673,5761,88
2026-04-25,2,Briceni - Chișinău (05:45 - 8:20),Criva via Larga,2540,2563,1160,1171,3700,3734,34
2026-04-25,3,Chișinău (08:00 - 12:40),Otaci/Ocnița,2754,2792,1645,1660,4399,4452,53
2026-04-25,5,Șirăuți - Chișinău (10:10 - 15:10),Lipcani via Rîșcani,3029,3021,2933,2932,5962,5953,-9
2026-04-25,6,Corjeuți - Chișinău (6:17 - 10:20),Corjeuti/Edinet,1998,1994,1802,1803,3800,3797,-3
2026-04-25,7,Criva - Chișinău (11:00 - 15:35),Criva Direct,2813,2850,2601,2658,5414,5508,94
2026-04-25,8,Criva - Chișinău (12:30 - 17:40),Criva Direct,1818,1904,2807,2832,4625,4736,111
2026-04-25,9,Criva - Chișinău (12:00 - 16:45),Criva Direct,1052,1059,1572,1648,2624,2707,83
2026-04-25,10,Lipcani - Chișinău (14:10 - 19:05),Criva Direct,1256,1260,3411,3480,4667,4740,73
2026-04-25,11,Criva - Chișinău (13:20 - 17:40),Criva Direct,1914,1981,3763,3839,5677,5820,143
2026-04-25,14,Criva - Chișinău (15:30 - 20:20),Criva Direct,2699,2781,2631,2744,5330,5525,195
2026-04-25,15,Criva - Chișinău (17:30 - 22:25),Criva Direct,2247,2277,2662,2709,4909,4986,77
2026-04-25,16,Lipcani - Chișinău (02:35 - 7:00),Criva Direct,1269,1323,2996,3054,4265,4377,112
2026-04-25,17,Criva (Tețcani) - Chișinău (02:40 - 8:20),Criva via Corjeuți,2011,2069,1742,1747,3753,3816,63
2026-04-25,18,Lipcani (Viișoara) - Chișinău (04:05 - 8:10),Lipcani via Viișoara,2483,2493,2181,2187,4664,4680,16
2026-04-25,19,Lipcani - Chișinău (06:10 - 10:40),Criva via Larga,3338,3615,3270,3278,6608,6893,285
2026-04-25,20,Criva (Larga) - Chișinău (06:00 - 11:35),Criva via Larga,2403,2428,3762,3862,6165,6290,125
2026-04-25,21,Chișinău (12:35 - 17:40),Otaci/Ocnița,1195,1220,981,979,2176,2199,23
2026-04-25,22,Lipcani - Chișinău (06:35 - 10:50),Criva Direct,2675,2847,3060,3188,5735,6035,300
2026-04-25,23,Criva - Chișinău (07:05 - 12:20),Criva Direct,2722,2944,1575,1589,4297,4533,236
2026-04-25,24,Criva (Larga) - Chișinău (07:25 - 12:45),Criva via Larga,1610,1668,1392,1402,3002,3070,68
2026-04-25,25,Caracusenii Vechi - Chișinău (07:00 - 10:45),Corjeuti/Edinet,1548,1565,2346,2370,3894,3935,41
2026-04-25,26,Corjeuți (Briceni) - Chișinău (08:00 - 17:15),Criva via Corjeuți,3996,4092,821,819,4817,4911,94
2026-04-25,27,Lipcani - Chișinău (09:15 - 13:45),Criva Direct,3057,3148,3079,3094,6136,6242,106
2026-04-25,28,Criva - Chișinău (09:35 - 15:10),Criva Direct,2405,2476,2116,2174,4521,4650,129
2026-04-25,29,Ocnița - Chișinău (09:50 - 13:50),Otaci/Ocnița,2440,2457,2492,2541,4932,4998,66
2026-04-26,1,Grimăncăuți - Chișinău (03:00 - 7:10),Criva Direct,1560,1579,2462,2488,4022,4067,45
2026-04-26,2,Briceni - Chișinău (05:45 - 8:20),Criva via Larga,1037,1044,1015,1023,2052,2067,15
2026-04-26,3,Chișinău (08:00 - 12:40),Otaci/Ocnița,1071,1073,1226,1229,2297,2302,5
2026-04-26,5,Șirăuți - Chișinău (10:10 - 15:10),Lipcani via Rîșcani,4547,4542,2881,2882,7428,7424,-4
2026-04-26,6,Corjeuți - Chișinău (6:17 - 10:20),Corjeuti/Edinet,3046,3035,1208,1208,4254,4243,-11
2026-04-26,7,Criva - Chișinău (11:00 - 15:35),Criva Direct,4817,5074,876,885,5693,5959,266
2026-04-26,8,Criva - Chișinău (12:30 - 17:40),Criva Direct,3569,3680,1221,1231,4790,4911,121
2026-04-26,9,Criva - Chișinău (12:00 - 16:45),Criva Direct,3225,3305,1541,1555,4766,4860,94
2026-04-26,10,Lipcani - Chișinău (14:10 - 19:05),Criva Direct,5324,5399,2667,2747,7991,8146,155
2026-04-26,11,Criva - Chișinău (13:20 - 17:40),Criva Direct,4386,4509,1066,1090,5452,5599,147
2026-04-26,12,Lipcani - Chișinău (14:50 - 18:55),Criva Direct,3765,3804,916,1067,4681,4871,190
2026-04-26,14,Criva - Chișinău (15:30 - 20:20),Criva Direct,4354,4507,1752,1799,6106,6306,200
2026-04-26,15,Criva - Chișinău (17:30 - 22:25),Criva Direct,4176,4273,1117,1226,5293,5499,206
2026-04-26,16,Lipcani - Chișinău (02:35 - 7:00),Criva Direct,1585,1637,1114,1138,2699,2775,76
2026-04-26,18,Lipcani (Viișoara) - Chișinău (04:05 - 8:10),Lipcani via Viișoara,2870,2876,2838,2847,5708,5723,15
2026-04-26,19,Lipcani - Chișinău (06:10 - 10:40),Criva via Larga,2777,2973,3735,3763,6512,6736,224
2026-04-26,20,Criva (Larga) - Chișinău (06:00 - 11:35),Criva via Larga,2252,2330,2867,2965,5119,5295,176
2026-04-26,21,Chișinău (12:35 - 17:40),Otaci/Ocnița,4251,4324,1344,1341,5595,5665,70
2026-04-26,22,Lipcani - Chișinău (06:35 - 10:50),Criva Direct,1230,1331,3171,3250,4401,4581,180
2026-04-26,23,Criva - Chișinău (07:05 - 12:20),Criva Direct,2574,2854,3309,3424,5883,6278,395
2026-04-26,24,Criva (Larga) - Chișinău (07:25 - 12:45),Criva via Larga,3202,3450,2892,2913,6094,6363,269
2026-04-26,25,Caracusenii Vechi - Chișinău (07:00 - 10:45),Corjeuti/Edinet,1898,1961,2650,2701,4548,4662,114
2026-04-26,26,Corjeuți (Briceni) - Chișinău (08:00 - 17:15),Criva via Corjeuți,3807,3957,1865,1879,5672,5836,164
2026-04-26,27,Lipcani - Chișinău (09:15 - 13:45),Criva Direct,3575,3696,2112,2219,5687,5915,228
2026-04-26,28,Criva - Chișinău (09:35 - 15:10),Criva Direct,4954,5179,3998,4143,8952,9322,370
2026-04-26,29,Ocnița - Chișinău (09:50 - 13:50),Otaci/Ocnița,3868,3998,1113,1130,4981,5128,147
2026-04-27,1,Grimăncăuți - Chișinău (03:00 - 7:10),Criva Direct,4096,4169,3816,3911,7912,8080,168
2026-04-27,2,Briceni - Chișinău (05:45 - 8:20),Criva via Larga,2936,2958,2866,2890,5802,5848,46
2026-04-27,3,Chișinău (08:00 - 12:40),Otaci/Ocnița,1918,1955,989,995,2907,2950,43
2026-04-27,5,Șirăuți - Chișinău (10:10 - 15:10),Lipcani via Rîșcani,1877,1881,2412,2402,4289,4283,-6
2026-04-27,6,Corjeuți - Chișinău (6:17 - 10:20),Corjeuti/Edinet,3079,3067,1330,1333,4409,4400,-9
2026-04-27,7,Criva - Chișinău (11:00 - 15:35),Criva Direct,3022,3068,1310,1331,4332,4399,67
2026-04-27,8,Criva - Chișinău (12:30 - 17:40),Criva Direct,2141,2220,875,905,3016,3125,109
2026-04-27,9,Criva - Chișinău (12:00 - 16:45),Criva Direct,1618,1635,1504,1547,3122,3182,60
2026-04-27,10,Lipcani - Chișinău (14:10 - 19:05),Criva Direct,1675,1686,3302,3418,4977,5104,127
2026-04-27,11,Criva - Chișinău (13:20 - 17:40),Criva Direct,3773,3862,2321,2448,6094,6310,216
2026-04-27,12,Lipcani - Chișinău (14:50 - 18:55),Criva Direct,2262,2288,2517,2539,4779,4827,48
2026-04-27,14,Criva - Chișinău (15:30 - 20:20),Criva Direct,1510,1557,2617,2807,4127,4364,237
2026-04-27,15,Criva - Chișinău (17:30 - 22:25),Criva Direct,2393,2488,2655,2692,5048,5180,132
2026-04-27,16,Lipcani - Chișinău (02:35 - 7:00),Criva Direct,3834,4007,2710,2793,6544,6800,256
2026-04-27,17,Criva (Tețcani) - Chișinău (02:40 - 8:20),Criva via Corjeuți,132,140,0,0,132,140,8
2026-04-27,18,Lipcani (Viișoara) - Chișinău (04:05 - 8:10),Lipcani via Viișoara,4830,4840,3719,3737,8549,8577,28
2026-04-27,19,Lipcani - Chișinău (06:10 - 10:40),Criva via Larga,3946,4163,3842,3852,7788,8015,227
2026-04-27,20,Criva (Larga) - Chișinău (06:00 - 11:35),Criva via Larga,4653,4852,3228,3297,7881,8149,268
2026-04-27,21,Chișinău (12:35 - 17:40),Otaci/Ocnița,1642,1650,2261,2257,3903,3907,4
2026-04-27,22,Lipcani - Chișinău (06:35 - 10:50),Criva Direct,4308,4557,3507,3584,7815,8141,326
2026-04-27,23,Criva - Chișinău (07:05 - 12:20),Criva Direct,2888,3124,3135,3304,6023,6428,405
2026-04-27,24,Criva (Larga) - Chișinău (07:25 - 12:45),Criva via Larga,2719,2865,2979,3010,5698,5875,177
2026-04-27,25,Caracusenii Vechi - Chișinău (07:00 - 10:45),Corjeuti/Edinet,3827,3867,1474,1495,5301,5362,61
2026-04-27,26,Corjeuți (Briceni) - Chișinău (08:00 - 17:15),Criva via Corjeuți,2966,3052,3258,3297,6224,6349,125
2026-04-27,27,Lipcani - Chișinău (09:15 - 13:45),Criva Direct,3434,3580,2343,2376,5777,5956,179
2026-04-27,28,Criva - Chișinău (09:35 - 15:10),Criva Direct,2191,2292,3311,3423,5502,5715,213
2026-04-27,29,Ocnița - Chișinău (09:50 - 13:50),Otaci/Ocnița,2992,3039,2000,2044,4992,5083,91
2026-04-28,1,Grimăncăuți - Chișinău (03:00 - 7:10),Criva Direct,4083,4148,3790,3799,7873,7947,74
2026-04-28,2,Briceni - Chișinău (05:45 - 8:20),Criva via Larga,2778,2799,1428,1441,4206,4240,34
2026-04-28,3,Chișinău (08:00 - 12:40),Otaci/Ocnița,1856,1900,740,737,2596,2637,41
2026-04-28,5,Șirăuți - Chișinău (10:10 - 15:10),Lipcani via Rîșcani,3320,3314,2680,2678,6000,5992,-8
2026-04-28,6,Corjeuți - Chișinău (6:17 - 10:20),Corjeuti/Edinet,3340,3333,2720,2727,6060,6060,0
2026-04-28,7,Criva - Chișinău (11:00 - 15:35),Criva Direct,3839,3969,1358,1390,5197,5359,162
2026-04-28,8,Criva - Chișinău (12:30 - 17:40),Criva Direct,2146,2178,662,664,2808,2842,34
2026-04-28,9,Criva - Chișinău (12:00 - 16:45),Criva Direct,2029,2101,1353,1430,3382,3531,149
2026-04-28,10,Lipcani - Chișinău (14:10 - 19:05),Criva Direct,2339,2420,1451,1446,3790,3866,76
2026-04-28,12,Lipcani - Chișinău (14:50 - 18:55),Criva Direct,1061,1061,1823,1890,2884,2951,67
2026-04-28,14,Criva - Chișinău (15:30 - 20:20),Criva Direct,1731,1816,3322,3452,5053,5268,215
2026-04-28,15,Criva - Chișinău (17:30 - 22:25),Criva Direct,2842,2891,1783,1931,4625,4822,197
2026-04-28,16,Lipcani - Chișinău (02:35 - 7:00),Criva Direct,3711,3885,1791,1892,5502,5777,275
2026-04-28,17,Criva (Tețcani) - Chișinău (02:40 - 8:20),Criva via Corjeuți,3234,3333,2702,2818,5936,6151,215
2026-04-28,18,Lipcani (Viișoara) - Chișinău (04:05 - 8:10),Lipcani via Viișoara,3566,3572,3789,3808,7355,7380,25
2026-04-28,19,Lipcani - Chișinău (06:10 - 10:40),Criva via Larga,2613,2838,3025,3058,5638,5896,258
2026-04-28,20,Criva (Larga) - Chișinău (06:00 - 11:35),Criva via Larga,2577,2676,2680,2748,5257,5424,167
2026-04-28,21,Chișinău (12:35 - 17:40),Otaci/Ocnița,2959,2977,1819,1807,4778,4784,6
2026-04-28,22,Lipcani - Chișinău (06:35 - 10:50),Criva Direct,2331,2551,2100,2192,4431,4743,312
2026-04-28,23,Criva - Chișinău (07:05 - 12:20),Criva Direct,2218,2464,2853,2983,5071,5447,376
2026-04-28,24,Criva (Larga) - Chișinău (07:25 - 12:45),Criva via Larga,2947,3223,2332,2331,5279,5554,275
2026-04-28,25,Caracusenii Vechi - Chișinău (07:00 - 10:45),Corjeuti/Edinet,2769,2809,1901,1918,4670,4727,57
2026-04-28,26,Corjeuți (Briceni) - Chișinău (08:00 - 17:15),Criva via Corjeuți,3029,3201,1767,1802,4796,5003,207
2026-04-28,27,Lipcani - Chișinău (09:15 - 13:45),Criva Direct,2623,2805,2986,3057,5609,5862,253
2026-04-28,28,Criva - Chișinău (09:35 - 15:10),Criva Direct,3608,3778,2614,2762,6222,6540,318
2026-04-28,29,Ocnița - Chișinău (09:50 - 13:50),Otaci/Ocnița,3168,3164,1582,1593,4750,4757,7
2026-04-29,1,Grimăncăuți - Chișinău (03:00 - 7:10),Criva Direct,2933,2995,4681,4793,7614,7788,174
2026-04-29,2,Briceni - Chișinău (05:45 - 8:20),Criva via Larga,2204,2221,3215,3254,5419,5475,56
2026-04-29,3,Chișinău (08:00 - 12:40),Otaci/Ocnița,1614,1672,1824,1847,3438,3519,81
2026-04-29,5,Șirăuți - Chișinău (10:10 - 15:10),Lipcani via Rîșcani,1045,1044,2731,2721,3776,3765,-11
2026-04-29,6,Corjeuți - Chișinău (6:17 - 10:20),Corjeuti/Edinet,3229,3221,2227,2223,5456,5444,-12
2026-04-29,7,Criva - Chișinău (11:00 - 15:35),Criva Direct,2049,2079,2975,3055,5024,5134,110
2026-04-29,8,Criva - Chișinău (12:30 - 17:40),Criva Direct,1832,1882,2259,2275,4091,4157,66
2026-04-29,9,Criva - Chișinău (12:00 - 16:45),Criva Direct,2262,2315,1980,2055,4242,4370,128
2026-04-29,10,Lipcani - Chișinău (14:10 - 19:05),Criva Direct,1818,1885,1133,1158,2951,3043,92
2026-04-29,11,Criva - Chișinău (13:20 - 17:40),Criva Direct,2056,2103,1085,1098,3141,3201,60
2026-04-29,12,Lipcani - Chișinău (14:50 - 18:55),Criva Direct,1544,1572,632,662,2176,2234,58
2026-04-29,14,Criva - Chișinău (15:30 - 20:20),Criva Direct,1036,1058,2596,2766,3632,3824,192
2026-04-29,15,Criva - Chișinău (17:30 - 22:25),Criva Direct,1506,1537,2146,2196,3652,3733,81
2026-04-29,16,Lipcani - Chișinău (02:35 - 7:00),Criva Direct,1277,1349,984,1009,2261,2358,97
2026-04-29,17,Criva (Tețcani) - Chișinău (02:40 - 8:20),Criva via Corjeuți,1828,1904,2459,2479,4287,4383,96
2026-04-29,18,Lipcani (Viișoara) - Chișinău (04:05 - 8:10),Lipcani via Viișoara,3563,3568,2639,2647,6202,6215,13
2026-04-29,19,Lipcani - Chișinău (06:10 - 10:40),Criva via Larga,2960,3197,4452,4493,7412,7690,278
2026-04-29,20,Criva (Larga) - Chișinău (06:00 - 11:35),Criva via Larga,4134,4349,4572,4782,8706,9131,425
2026-04-29,21,Chișinău (12:35 - 17:40),Otaci/Ocnița,2790,2792,1490,1487,4280,4279,-1
2026-04-29,22,Lipcani - Chișinău (06:35 - 10:50),Criva Direct,3125,3340,3720,3842,6845,7182,337
2026-04-29,23,Criva - Chișinău (07:05 - 12:20),Criva Direct,2242,2450,3119,3263,5361,5713,352
2026-04-29,24,Criva (Larga) - Chișinău (07:25 - 12:45),Criva via Larga,3162,3303,2227,2233,5389,5536,147
2026-04-29,25,Caracusenii Vechi - Chișinău (07:00 - 10:45),Corjeuti/Edinet,1963,1998,1964,1979,3927,3977,50
2026-04-29,26,Corjeuți (Briceni) - Chișinău (08:00 - 17:15),Criva via Corjeuți,2089,2197,3160,3207,5249,5404,155
2026-04-29,27,Lipcani - Chișinău (09:15 - 13:45),Criva Direct,3451,3566,2411,2458,5862,6024,162
2026-04-29,28,Criva - Chișinău (09:35 - 15:10),Criva Direct,3195,3301,4240,4423,7435,7724,289
2026-04-29,29,Ocnița - Chișinău (09:50 - 13:50),Otaci/Ocnița,1996,2029,1555,1564,3551,3593,42
2026-04-30,1,Grimăncăuți - Chișinău (03:00 - 7:10),Criva Direct,3766,3831,4995,5131,8761,8962,201
2026-04-30,2,Briceni - Chișinău (05:45 - 8:20),Criva via Larga,2686,2708,3227,3236,5913,5944,31
2026-04-30,3,Chișinău (08:00 - 12:40),Otaci/Ocnița,1509,1528,3546,3586,5055,5114,59
2026-04-30,5,Șirăuți - Chișinău (10:10 - 15:10),Lipcani via Rîșcani,2907,2897,4314,4310,7221,7207,-14
2026-04-30,6,Corjeuți - Chișinău (6:17 - 10:20),Corjeuti/Edinet,2840,2830,3917,3917,6757,6747,-10
2026-04-30,7,Criva - Chișinău (11:00 - 15:35),Criva Direct,4434,4513,4456,4629,8890,9142,252
2026-04-30,8,Criva - Chișinău (12:30 - 17:40),Criva Direct,2358,2485,3738,3870,6096,6355,259
2026-04-30,9,Criva - Chișinău (12:00 - 16:45),Criva Direct,1586,1613,3421,3492,5007,5105,98
2026-04-30,10,Lipcani - Chișinău (14:10 - 19:05),Criva Direct,2580,2637,2289,2336,4869,4973,104
2026-04-30,11,Criva - Chișinău (13:20 - 17:40),Criva Direct,2937,2972,2392,2491,5329,5463,134
2026-04-30,12,Lipcani - Chișinău (14:50 - 18:55),Criva Direct,2512,2561,2011,2136,4523,4697,174
2026-04-30,14,Criva - Chișinău (15:30 - 20:20),Criva Direct,1345,1399,4523,4706,5868,6105,237
2026-04-30,15,Criva - Chișinău (17:30 - 22:25),Criva Direct,2007,2100,2835,3093,4842,5193,351
2026-04-30,16,Lipcani - Chișinău (02:35 - 7:00),Criva Direct,1329,1387,2424,2529,3753,3916,163
2026-04-30,17,Criva (Tețcani) - Chișinău (02:40 - 8:20),Criva via Corjeuți,2512,2584,4193,4385,6705,6969,264
2026-04-30,18,Lipcani (Viișoara) - Chișinău (04:05 - 8:10),Lipcani via Viișoara,3446,3448,4743,4746,8189,8194,5
2026-04-30,19,Lipcani - Chișinău (06:10 - 10:40),Criva via Larga,3086,3277,4770,4810,7856,8087,231
2026-04-30,20,Criva (Larga) - Chișinău (06:00 - 11:35),Criva via Larga,3056,3186,5097,5374,8153,8560,407
2026-04-30,21,Chișinău (12:35 - 17:40),Otaci/Ocnița,3000,3032,3832,3849,6832,6881,49
2026-04-30,22,Lipcani - Chișinău (06:35 - 10:50),Criva Direct,3717,3901,4408,4616,8125,8517,392
2026-04-30,23,Criva - Chișinău (07:05 - 12:20),Criva Direct,4291,4582,4584,4739,8875,9321,446
2026-04-30,24,Criva (Larga) - Chișinău (07:25 - 12:45),Criva via Larga,2873,2938,3125,3136,5998,6074,76
2026-04-30,25,Caracusenii Vechi - Chișinău (07:00 - 10:45),Corjeuti/Edinet,2125,2163,4334,4408,6459,6571,112
2026-04-30,26,Corjeuți (Briceni) - Chișinău (08:00 - 17:15),Criva via Corjeuți,1898,2150,4485,4575,6383,6725,342
2026-04-30,27,Lipcani - Chișinău (09:15 - 13:45),Criva Direct,2875,2952,4520,4571,7395,7523,128
2026-04-30,28,Criva - Chișinău (09:35 - 15:10),Criva Direct,3058,3177,5473,5741,8531,8918,387
2026-04-30,29,Ocnița - Chișinău (09:50 - 13:50),Otaci/Ocnița,2670,2665,4872,4927,7542,7592,50
